npm verbose cli D:\Intern\ReOpSy\tools\node-v22.14.0-win-x64\node.exe D:\Intern\ReOpSy\tools\node-v22.14.0-win-x64\node_modules\npm\bin\npm-cli.js
npm info using npm@10.9.2
npm info using node@v22.14.0
npm verbose title npm install
npm verbose argv "install" "--no-audit" "--no-fund" "--loglevel" "verbose" "--force"
npm verbose logfile logs-max:10 dir:C:\Users\IIITA\AppData\Local\npm-cache\_logs\2026-07-31T13_55_01_083Z-
npm verbose logfile C:\Users\IIITA\AppData\Local\npm-cache\_logs\2026-07-31T13_55_01_083Z-debug-0.log
npm warn using --force Recommended protections disabled.
npm http fetch GET 200 https://registry.npmjs.org/@react-native-async-storage%2fasync-storage 685ms (cache revalidated)
npm http fetch GET 200 https://registry.npmjs.org/react-native 105ms (cache revalidated)
npm http fetch GET 200 https://registry.npmjs.org/@react-native%2fjest-preset 496ms (cache revalidated)
npm http fetch GET 200 https://registry.npmjs.org/react 81ms (cache revalidated)
npm http fetch GET 200 https://registry.npmjs.org/@types%2freact 103ms (cache revalidated)
npm http fetch GET 200 https://registry.npmjs.org/@react-navigation%2fbottom-tabs 354ms (cache revalidated)
npm http fetch GET 200 https://registry.npmjs.org/@react-navigation%2fnative 320ms (cache revalidated)
npm http fetch GET 200 https://registry.npmjs.org/react-native-safe-area-context 70ms (cache revalidated)
npm http fetch GET 200 https://registry.npmjs.org/react-native-screens 71ms (cache revalidated)
npm http fetch GET 200 https://registry.npmjs.org/@react-navigation%2fnative-stack 461ms (cache revalidated)
npm http fetch GET 200 https://registry.npmjs.org/expo 75ms (cache revalidated)
npm http fetch GET 200 https://registry.npmjs.org/@expo%2fmetro-runtime 75ms (cache revalidated)
npm http fetch GET 200 https://registry.npmjs.org/react-dom 99ms (cache revalidated)
npm http cache https://registry.npmjs.org/react 37ms (cache hit)
npm http fetch GET 200 https://registry.npmjs.org/react-native-web 241ms (cache revalidated)
npm http fetch GET 200 https://registry.npmjs.org/react-native-webview 61ms (cache revalidated)
npm http fetch GET 200 https://registry.npmjs.org/expo-clipboard 298ms (cache revalidated)
npm http fetch GET 200 https://registry.npmjs.org/expo-constants 310ms (cache revalidated)
npm http fetch GET 200 https://registry.npmjs.org/expo-haptics 70ms (cache revalidated)
npm http fetch GET 200 https://registry.npmjs.org/expo-linking 74ms (cache revalidated)
npm http fetch GET 200 https://registry.npmjs.org/expo-sharing 378ms (cache revalidated)
npm http fetch GET 200 https://registry.npmjs.org/expo-splash-screen 323ms (cache revalidated)
npm http fetch GET 200 https://registry.npmjs.org/expo-status-bar 65ms (cache revalidated)
npm http fetch GET 200 https://registry.npmjs.org/expo-system-ui 73ms (cache revalidated)
npm http fetch GET 200 https://registry.npmjs.org/expo-web-browser 312ms (cache revalidated)
npm http fetch GET 200 https://registry.npmjs.org/react-native-gesture-handler 63ms (cache revalidated)
npm http fetch GET 200 https://registry.npmjs.org/@types%2fnode 97ms (cache revalidated)
npm http fetch GET 200 https://registry.npmjs.org/babel-preset-expo 320ms (cache revalidated)
npm http fetch GET 200 https://registry.npmjs.org/@babel%2fruntime 75ms (cache revalidated)
npm http fetch GET 200 https://registry.npmjs.org/expo-widgets 75ms (cache revalidated)
npm http fetch GET 200 https://registry.npmjs.org/react-refresh 79ms (cache revalidated)
npm http fetch GET 200 https://registry.npmjs.org/typescript 99ms (cache revalidated)
npm http cache https://registry.npmjs.org/react-refresh 75ms (cache hit)
npm http fetch GET 200 https://registry.npmjs.org/ws 144ms (cache revalidated)
npm http fetch GET 200 https://registry.npmjs.org/promise 305ms (cache revalidated)
npm http fetch GET 200 https://registry.npmjs.org/base64-js 310ms (cache revalidated)
npm http fetch GET 200 https://registry.npmjs.org/merge-options 323ms (cache revalidated)
npm http fetch GET 200 https://registry.npmjs.org/memoize-one 324ms (cache revalidated)
npm http fetch GET 200 https://registry.npmjs.org/scheduler 344ms (cache revalidated)
npm http fetch GET 200 https://registry.npmjs.org/tinyglobby 391ms (cache revalidated)
npm http fetch GET 200 https://registry.npmjs.org/ansi-regex 400ms (cache revalidated)
npm http fetch GET 200 https://registry.npmjs.org/anser 403ms (cache revalidated)
npm http fetch GET 200 https://registry.npmjs.org/hermes-compiler 405ms (cache revalidated)
npm http fetch GET 200 https://registry.npmjs.org/whatwg-fetch 408ms (cache revalidated)
npm http fetch GET 200 https://registry.npmjs.org/metro-runtime 411ms (cache revalidated)
npm http fetch GET 200 https://registry.npmjs.org/abort-controller 285ms (cache revalidated)
npm http fetch GET 200 https://registry.npmjs.org/yargs 421ms (cache revalidated)
npm http fetch GET 200 https://registry.npmjs.org/commander 432ms (cache revalidated)
npm http fetch GET 200 https://registry.npmjs.org/metro-source-map 293ms (cache revalidated)
npm http fetch GET 200 https://registry.npmjs.org/flow-enums-runtime 147ms (cache revalidated)
npm http fetch GET 200 https://registry.npmjs.org/pretty-format 465ms (cache revalidated)
npm http fetch GET 200 https://registry.npmjs.org/react-devtools-core 156ms (cache revalidated)
npm http fetch GET 200 https://registry.npmjs.org/regenerator-runtime 169ms (cache revalidated)
npm http fetch GET 200 https://registry.npmjs.org/@react-native%2fcodegen 165ms (cache revalidated)
npm http fetch GET 200 https://registry.npmjs.org/sf-symbols-typescript 147ms (cache revalidated)
npm http fetch GET 200 https://registry.npmjs.org/babel-plugin-syntax-hermes-parser 177ms (cache revalidated)
npm http fetch GET 200 https://registry.npmjs.org/color 166ms (cache revalidated)
npm http fetch GET 200 https://registry.npmjs.org/@react-native%2fgradle-plugin 201ms (cache revalidated)
npm http fetch GET 200 https://registry.npmjs.org/@react-native%2fnormalize-colors 217ms (cache revalidated)
npm http fetch GET 200 https://registry.npmjs.org/@react-native%2fcommunity-cli-plugin 224ms (cache revalidated)
npm http fetch GET 200 https://registry.npmjs.org/invariant 657ms (cache revalidated)
npm http fetch GET 200 https://registry.npmjs.org/nanoid 198ms (cache revalidated)
npm http fetch GET 200 https://registry.npmjs.org/stacktrace-parser 377ms (cache revalidated)
npm http fetch GET 200 https://registry.npmjs.org/fast-deep-equal 211ms (cache revalidated)
npm http fetch GET 200 https://registry.npmjs.org/use-latest-callback 189ms (cache revalidated)
npm http fetch GET 200 https://registry.npmjs.org/nullthrows 690ms (cache revalidated)
npm http fetch GET 200 https://registry.npmjs.org/escape-string-regexp 177ms (cache revalidated)
npm http fetch GET 200 https://registry.npmjs.org/@react-native%2fjs-polyfills 361ms (cache revalidated)
npm http fetch GET 200 https://registry.npmjs.org/warn-once 174ms (cache revalidated)
npm http fetch GET 200 https://registry.npmjs.org/react-freeze 180ms (cache revalidated)
npm http fetch GET 200 https://registry.npmjs.org/undici-types 127ms (cache revalidated)
npm http fetch GET 200 https://registry.npmjs.org/warn-once 168ms (cache revalidated)
npm http fetch GET 200 https://registry.npmjs.org/csstype 137ms (cache revalidated)
npm http fetch GET 200 https://registry.npmjs.org/@react-navigation%2felements 166ms (cache revalidated)
npm http fetch GET 200 https://registry.npmjs.org/@react-native%2fvirtualized-lists 408ms (cache revalidated)
npm http fetch GET 200 https://registry.npmjs.org/@babel%2fgenerator 160ms (cache revalidated)
npm http fetch GET 200 https://registry.npmjs.org/debug 193ms (cache revalidated)
npm http fetch GET 200 https://registry.npmjs.org/@babel%2fhelper-module-imports 170ms (cache revalidated)
npm http fetch GET 200 https://registry.npmjs.org/babel-plugin-react-native-web 119ms (cache revalidated)
npm http fetch GET 200 https://registry.npmjs.org/@babel%2fplugin-transform-for-of 106ms (cache revalidated)
npm http fetch GET 200 https://registry.npmjs.org/babel-plugin-react-compiler 186ms (cache revalidated)
npm http fetch GET 200 https://registry.npmjs.org/semver 903ms (cache revalidated)
npm http fetch GET 200 https://registry.npmjs.org/standard-navigation 422ms (cache revalidated)
npm http fetch GET 200 https://registry.npmjs.org/@babel%2fplugin-transform-classes 139ms (cache revalidated)
npm http fetch GET 200 https://registry.npmjs.org/@babel%2fplugin-transform-react-jsx 134ms (cache revalidated)
npm http fetch GET 200 https://registry.npmjs.org/@babel%2fplugin-transform-runtime 148ms (cache revalidated)
npm http fetch GET 200 https://registry.npmjs.org/babel-plugin-transform-flow-enums 158ms (cache revalidated)
npm http fetch GET 200 https://registry.npmjs.org/@react-navigation%2fcore 370ms (cache revalidated)
npm http fetch GET 200 https://registry.npmjs.org/@babel%2fplugin-transform-typescript 144ms (cache revalidated)
npm http fetch GET 200 https://registry.npmjs.org/@babel%2fplugin-syntax-optional-chaining 106ms (cache revalidated)
npm http fetch GET 200 https://registry.npmjs.org/@babel%2fplugin-transform-block-scoping 127ms (cache revalidated)
npm http fetch GET 200 https://registry.npmjs.org/@babel%2fplugin-syntax-dynamic-import 138ms (cache revalidated)
npm http fetch GET 200 https://registry.npmjs.org/@babel%2fplugin-transform-unicode-regex 129ms (cache revalidated)
npm http fetch GET 200 https://registry.npmjs.org/@babel%2fplugin-transform-private-methods 103ms (cache revalidated)
npm http fetch GET 200 https://registry.npmjs.org/@babel%2fplugin-transform-parameters 208ms (cache revalidated)
npm http fetch GET 200 https://registry.npmjs.org/@babel%2fplugin-transform-class-properties 114ms (cache revalidated)
npm http fetch GET 200 https://registry.npmjs.org/@babel%2fplugin-syntax-export-default-from 128ms (cache revalidated)
npm http fetch GET 200 https://registry.npmjs.org/@babel%2fplugin-transform-flow-strip-types 111ms (cache revalidated)
npm http fetch GET 200 https://registry.npmjs.org/@react-navigation%2felements 603ms (cache revalidated)
npm http fetch GET 200 https://registry.npmjs.org/@babel%2fplugin-transform-optional-chaining 100ms (cache revalidated)
npm http fetch GET 200 https://registry.npmjs.org/@babel%2fplugin-transform-modules-commonjs 132ms (cache revalidated)
npm http fetch GET 200 https://registry.npmjs.org/@babel%2fplugin-proposal-export-default-from 99ms (cache revalidated)
npm http fetch GET 200 https://registry.npmjs.org/@react-native%2fassets-registry 670ms (cache revalidated)
npm http fetch GET 200 https://registry.npmjs.org/@babel%2fplugin-transform-react-jsx-development 89ms (cache revalidated)
npm http fetch GET 200 https://registry.npmjs.org/@babel%2fplugin-transform-react-display-name 103ms (cache revalidated)
npm http fetch GET 200 https://registry.npmjs.org/@babel%2fplugin-transform-async-to-generator 125ms (cache revalidated)
npm http fetch GET 200 https://registry.npmjs.org/@babel%2fplugin-transform-optional-catch-binding 99ms (cache revalidated)
npm http fetch GET 200 https://registry.npmjs.org/@babel%2fplugin-transform-export-namespace-from 125ms (cache revalidated)
npm http fetch GET 200 https://registry.npmjs.org/@react-native%2fbabel-plugin-codegen 290ms (cache revalidated)
npm http fetch GET 200 https://registry.npmjs.org/@babel%2fplugin-transform-react-pure-annotations 133ms (cache revalidated)
npm http fetch GET 200 https://registry.npmjs.org/@babel%2fplugin-transform-class-static-block 174ms (cache revalidated)
npm http fetch GET 200 https://registry.npmjs.org/@babel%2fplugin-proposal-decorators 394ms (cache revalidated)
npm http fetch GET 200 https://registry.npmjs.org/@babel%2fplugin-syntax-nullish-coalescing-operator 148ms (cache revalidated)
npm http fetch GET 200 https://registry.npmjs.org/@babel%2fplugin-transform-destructuring 319ms (cache revalidated)
npm http fetch GET 200 https://registry.npmjs.org/@babel%2fplugin-transform-async-generator-functions 156ms (cache revalidated)
npm http fetch GET 200 https://registry.npmjs.org/@babel%2fplugin-transform-private-property-in-object 152ms (cache revalidated)
npm http fetch GET 200 https://registry.npmjs.org/@babel%2fplugin-transform-nullish-coalescing-operator 150ms (cache revalidated)
npm http fetch GET 200 https://registry.npmjs.org/@babel%2fplugin-transform-logical-assignment-operators 147ms (cache revalidated)
npm http fetch GET 200 https://registry.npmjs.org/@babel%2fplugin-transform-named-capturing-groups-regex 149ms (cache revalidated)
npm http cache https://registry.npmjs.org/react-refresh 81ms (cache hit)
npm http cache https://registry.npmjs.org/expo-constants 127ms (cache hit)
npm http fetch GET 200 https://registry.npmjs.org/@babel%2fpreset-typescript 626ms (cache revalidated)
npm http fetch GET 200 https://registry.npmjs.org/@babel%2fplugin-transform-object-rest-spread 330ms (cache revalidated)
npm http fetch GET 200 https://registry.npmjs.org/expo-modules-core 178ms (cache revalidated)
npm http fetch GET 200 https://registry.npmjs.org/@expo%2fdom-webview 213ms (cache revalidated)
npm http fetch GET 200 https://registry.npmjs.org/@expo%2fconfig-plugins 188ms (cache revalidated)
npm http fetch GET 200 https://registry.npmjs.org/@expo%2fmetro-config 214ms (cache revalidated)
npm http fetch GET 200 https://registry.npmjs.org/@expo%2fmetro 338ms (cache revalidated)
npm http fetch GET 200 https://registry.npmjs.org/@expo%2fcli 369ms (cache revalidated)
npm http cache https://registry.npmjs.org/@expo%2fconfig-plugins 70ms (cache hit)
npm http fetch GET 200 https://registry.npmjs.org/@expo%2fdevtools 341ms (cache revalidated)
npm http fetch GET 200 https://registry.npmjs.org/@ungap%2fstructured-clone 222ms (cache revalidated)
npm http fetch GET 200 https://registry.npmjs.org/expo-font 410ms (cache revalidated)
npm http fetch GET 200 https://registry.npmjs.org/expo-modules-autolinking 220ms (cache revalidated)
npm http fetch GET 200 https://registry.npmjs.org/@expo%2fenv 211ms (cache revalidated)
npm http fetch GET 200 https://registry.npmjs.org/expo-asset 441ms (cache revalidated)
npm http fetch GET 200 https://registry.npmjs.org/@expo%2fplist 163ms (cache revalidated)
npm http fetch GET 200 https://registry.npmjs.org/@expo%2ffingerprint 365ms (cache revalidated)
npm http cache https://registry.npmjs.org/@react-native%2fnormalize-colors 94ms (cache hit)
npm http fetch GET 200 https://registry.npmjs.org/expo-file-system 405ms (cache revalidated)
npm http fetch GET 200 https://registry.npmjs.org/expo-keep-awake 428ms (cache revalidated)
npm http fetch GET 200 https://registry.npmjs.org/whatwg-url-minimum 405ms (cache revalidated)
npm http fetch GET 200 https://registry.npmjs.org/@expo%2fimage-utils 185ms (cache revalidated)
npm http fetch GET 200 https://registry.npmjs.org/hoist-non-react-statics 181ms (cache revalidated)
npm http fetch GET 200 https://registry.npmjs.org/@expo%2flog-box 589ms (cache revalidated)
npm http fetch GET 200 https://registry.npmjs.org/@expo%2fconfig-types 338ms (cache revalidated)
npm http fetch GET 200 https://registry.npmjs.org/@expo%2fconfig 649ms (cache revalidated)
npm http fetch GET 200 https://registry.npmjs.org/@expo%2flocal-build-cache-provider 612ms (cache revalidated)
npm http fetch GET 200 https://registry.npmjs.org/xml2js 512ms (cache revalidated)
npm http fetch GET 200 https://registry.npmjs.org/@egjs%2fhammerjs 633ms (cache revalidated)
npm http fetch GET 200 https://registry.npmjs.org/@types%2freact-test-renderer 630ms (cache revalidated)
npm http fetch GET 200 https://registry.npmjs.org/is-plain-obj 314ms (cache revalidated)
npm http fetch GET 200 https://registry.npmjs.org/@react-native-masked-view%2fmasked-view 298ms (cache revalidated)
npm http cache https://registry.npmjs.org/react 18ms (cache hit)
npm http cache https://registry.npmjs.org/react-native 36ms (cache hit)
npm http cache https://registry.npmjs.org/@types%2freact 10ms (cache hit)
npm http fetch GET 200 https://registry.npmjs.org/color-convert 66ms (cache revalidated)
npm http fetch GET 200 https://registry.npmjs.org/color-string 69ms (cache revalidated)
npm http fetch GET 200 https://registry.npmjs.org/use-sync-external-store 83ms (cache revalidated)
npm http fetch GET 200 https://registry.npmjs.org/react-is 82ms (cache revalidated)
npm http fetch GET 200 https://registry.npmjs.org/query-string 119ms (cache revalidated)
npm http fetch GET 200 https://registry.npmjs.org/@react-navigation%2frouters 514ms (cache revalidated)
npm http fetch GET 200 https://registry.npmjs.org/decode-uri-component 72ms (cache revalidated)
npm http fetch GET 200 https://registry.npmjs.org/filter-obj 73ms (cache revalidated)
npm http fetch GET 200 https://registry.npmjs.org/strict-uri-encode 73ms (cache revalidated)
npm http fetch GET 200 https://registry.npmjs.org/split-on-first 97ms (cache revalidated)
npm http fetch GET 200 https://registry.npmjs.org/@babel%2fcore 227ms (cache revalidated)
npm http fetch GET 200 https://registry.npmjs.org/jsesc 85ms (cache revalidated)
npm http fetch GET 200 https://registry.npmjs.org/@babel%2ftypes 92ms (cache revalidated)
npm http fetch GET 200 https://registry.npmjs.org/@babel%2fhelper-plugin-utils 107ms (cache revalidated)
npm http fetch GET 200 https://registry.npmjs.org/@babel%2ftypes 111ms (cache revalidated)
npm http fetch GET 200 https://registry.npmjs.org/@babel%2fparser 132ms (cache revalidated)
npm http fetch GET 200 https://registry.npmjs.org/@babel%2ftypes 144ms (cache revalidated)
npm http fetch GET 200 https://registry.npmjs.org/@jridgewell%2fgen-mapping 151ms (cache revalidated)
npm http fetch GET 200 https://registry.npmjs.org/json5 152ms (cache revalidated)
npm http fetch GET 200 https://registry.npmjs.org/@babel%2fplugin-syntax-decorators 155ms (cache revalidated)
npm http fetch GET 200 https://registry.npmjs.org/@babel%2ftraverse 160ms (cache revalidated)
npm http fetch GET 200 https://registry.npmjs.org/@babel%2fparser 166ms (cache revalidated)
npm http fetch GET 200 https://registry.npmjs.org/@babel%2fhelper-create-class-features-plugin 177ms (cache revalidated)
npm http fetch GET 200 https://registry.npmjs.org/@jridgewell%2ftrace-mapping 183ms (cache revalidated)
npm http fetch GET 200 https://registry.npmjs.org/gensync 194ms (cache revalidated)
npm http fetch GET 200 https://registry.npmjs.org/@babel%2ftraverse 198ms (cache revalidated)
npm http fetch GET 200 https://registry.npmjs.org/convert-source-map 204ms (cache revalidated)
npm http fetch GET 200 https://registry.npmjs.org/@babel%2fcode-frame 207ms (cache revalidated)
npm http fetch GET 200 https://registry.npmjs.org/@babel%2fhelpers 214ms (cache revalidated)
npm http cache https://registry.npmjs.org/@babel%2ftraverse 140ms (cache hit)
npm http cache https://registry.npmjs.org/@babel%2fhelper-create-class-features-plugin 112ms (cache hit)
npm http cache https://registry.npmjs.org/@babel%2fhelper-create-class-features-plugin 118ms (cache hit)
npm http cache https://registry.npmjs.org/@babel%2ftraverse 118ms (cache hit)
npm http fetch GET 200 https://registry.npmjs.org/@babel%2ftemplate 288ms (cache revalidated)
npm http fetch GET 200 https://registry.npmjs.org/@babel%2fhelper-compilation-targets 405ms (cache revalidated)
npm http fetch GET 200 https://registry.npmjs.org/@babel%2fhelper-remap-async-to-generator 379ms (cache revalidated)
npm http fetch GET 200 https://registry.npmjs.org/@babel%2fhelper-create-regexp-features-plugin 319ms (cache revalidated)
npm http fetch GET 200 https://registry.npmjs.org/@babel%2fhelper-compilation-targets 323ms (cache revalidated)
npm http fetch GET 200 https://registry.npmjs.org/@babel%2fplugin-syntax-flow 351ms (cache revalidated)
npm http fetch GET 200 https://registry.npmjs.org/@babel%2fhelper-compilation-targets 367ms (cache revalidated)
npm http fetch GET 200 https://registry.npmjs.org/@babel%2fhelper-globals 390ms (cache revalidated)
npm http fetch GET 200 https://registry.npmjs.org/@jridgewell%2fremapping 470ms (cache revalidated)
npm http fetch GET 200 https://registry.npmjs.org/@babel%2fhelper-remap-async-to-generator 411ms (cache revalidated)
npm http fetch GET 200 https://registry.npmjs.org/@babel%2fhelper-skip-transparent-expression-wrappers 355ms (cache revalidated)
npm http fetch GET 200 https://registry.npmjs.org/@babel%2fhelper-replace-supers 389ms (cache revalidated)
npm http fetch GET 200 https://registry.npmjs.org/@babel%2fhelper-annotate-as-pure 395ms (cache revalidated)
npm http fetch GET 200 https://registry.npmjs.org/@babel%2fhelper-module-transforms 493ms (cache revalidated)
npm http fetch GET 200 https://registry.npmjs.org/@babel%2fhelper-module-transforms 405ms (cache revalidated)
npm http fetch GET 200 https://registry.npmjs.org/@babel%2fplugin-syntax-jsx 347ms (cache revalidated)
npm http fetch GET 200 https://registry.npmjs.org/@babel%2fhelper-annotate-as-pure 355ms (cache revalidated)
npm http fetch GET 200 https://registry.npmjs.org/@babel%2fhelper-annotate-as-pure 345ms (cache revalidated)
npm http fetch GET 200 https://registry.npmjs.org/babel-plugin-polyfill-corejs2 115ms (cache revalidated)
npm http fetch GET 200 https://registry.npmjs.org/@babel%2fhelper-annotate-as-pure 344ms (cache revalidated)
npm http cache https://registry.npmjs.org/@babel%2fhelper-skip-transparent-expression-wrappers 89ms (cache hit)
npm http cache https://registry.npmjs.org/@babel%2fhelper-annotate-as-pure 99ms (cache hit)
npm http cache https://registry.npmjs.org/@react-native%2fcodegen 92ms (cache hit)
npm http fetch GET 200 https://registry.npmjs.org/@babel%2fhelper-skip-transparent-expression-wrappers 415ms (cache revalidated)
npm http fetch GET 200 https://registry.npmjs.org/babel-plugin-polyfill-corejs3 156ms (cache revalidated)
npm http fetch GET 200 https://registry.npmjs.org/babel-plugin-polyfill-regenerator 159ms (cache revalidated)
npm http fetch GET 200 https://registry.npmjs.org/ms 127ms (cache revalidated)
npm http fetch GET 200 https://registry.npmjs.org/@babel%2fhelper-validator-option 146ms (cache revalidated)
npm http fetch GET 200 https://registry.npmjs.org/@babel%2fplugin-syntax-jsx 150ms (cache revalidated)
npm http fetch GET 200 https://registry.npmjs.org/hermes-parser 149ms (cache revalidated)
npm http fetch GET 200 https://registry.npmjs.org/@babel%2fplugin-syntax-typescript 167ms (cache revalidated)
npm http fetch GET 200 https://registry.npmjs.org/lru-cache 76ms (cache revalidated)
npm http fetch GET 200 https://registry.npmjs.org/@babel%2fhelper-validator-identifier 85ms (cache revalidated)
npm http fetch GET 200 https://registry.npmjs.org/@babel%2fhelper-string-parser 85ms (cache revalidated)
npm http fetch GET 200 https://registry.npmjs.org/picocolors 89ms (cache revalidated)
npm http fetch GET 200 https://registry.npmjs.org/@babel%2fhelper-validator-identifier 90ms (cache revalidated)
npm http fetch GET 200 https://registry.npmjs.org/@babel%2fcompat-data 92ms (cache revalidated)
npm http fetch GET 200 https://registry.npmjs.org/browserslist 96ms (cache revalidated)
npm http fetch GET 200 https://registry.npmjs.org/js-tokens 110ms (cache revalidated)
npm http fetch GET 200 https://registry.npmjs.org/@babel%2fhelper-validator-identifier 228ms (cache revalidated)
npm http fetch GET 200 https://registry.npmjs.org/@jridgewell%2fresolve-uri 88ms (cache revalidated)
npm http fetch GET 200 https://registry.npmjs.org/@jridgewell%2fsourcemap-codec 89ms (cache revalidated)
npm http fetch GET 200 https://registry.npmjs.org/@jridgewell%2fsourcemap-codec 106ms (cache revalidated)
npm http fetch GET 200 https://registry.npmjs.org/node-releases 60ms (cache revalidated)
npm http fetch GET 200 https://registry.npmjs.org/yallist 71ms (cache revalidated)
npm http fetch GET 200 https://registry.npmjs.org/caniuse-lite 78ms (cache revalidated)
npm http fetch GET 200 https://registry.npmjs.org/baseline-browser-mapping 89ms (cache revalidated)
npm http fetch GET 200 https://registry.npmjs.org/update-browserslist-db 91ms (cache revalidated)
npm http fetch GET 200 https://registry.npmjs.org/electron-to-chromium 101ms (cache revalidated)
npm http fetch GET 200 https://registry.npmjs.org/@babel%2fhelper-member-expression-to-functions 75ms (cache revalidated)
npm http fetch GET 200 https://registry.npmjs.org/@babel%2fhelper-optimise-call-expression 308ms (cache revalidated)
npm http fetch GET 200 https://registry.npmjs.org/@babel%2fhelper-wrap-function 69ms (cache revalidated)
npm http fetch GET 200 https://registry.npmjs.org/regexpu-core 75ms (cache revalidated)
npm http fetch GET 200 https://registry.npmjs.org/regenerate 76ms (cache revalidated)
npm http fetch GET 200 https://registry.npmjs.org/unicode-match-property-ecmascript 80ms (cache revalidated)
npm http fetch GET 200 https://registry.npmjs.org/regjsparser 82ms (cache revalidated)
npm http fetch GET 200 https://registry.npmjs.org/regenerate-unicode-properties 92ms (cache revalidated)
npm http fetch GET 200 https://registry.npmjs.org/regjsgen 94ms (cache revalidated)
npm http fetch GET 200 https://registry.npmjs.org/unicode-match-property-value-ecmascript 220ms (cache revalidated)
npm http fetch GET 200 https://registry.npmjs.org/@babel%2fhelper-define-polyfill-provider 73ms (cache revalidated)
npm http fetch GET 200 https://registry.npmjs.org/@babel%2fhelper-define-polyfill-provider 79ms (cache revalidated)
npm http fetch GET 200 https://registry.npmjs.org/core-js-compat 82ms (cache revalidated)
npm http fetch GET 200 https://registry.npmjs.org/@babel%2fhelper-define-polyfill-provider 86ms (cache revalidated)
npm http fetch GET 200 https://registry.npmjs.org/hermes-estree 85ms (cache revalidated)
npm http fetch GET 200 https://registry.npmjs.org/loose-envify 87ms (cache revalidated)
npm http fetch GET 200 https://registry.npmjs.org/cliui 89ms (cache revalidated)
npm http fetch GET 200 https://registry.npmjs.org/yargs-parser 92ms (cache revalidated)
npm http fetch GET 200 https://registry.npmjs.org/y18n 95ms (cache revalidated)
npm http fetch GET 200 https://registry.npmjs.org/string-width 97ms (cache revalidated)
npm http fetch GET 200 https://registry.npmjs.org/fdir 100ms (cache revalidated)
npm http fetch GET 200 https://registry.npmjs.org/escalade 107ms (cache revalidated)
npm http fetch GET 200 https://registry.npmjs.org/picomatch 108ms (cache revalidated)
npm http fetch GET 200 https://registry.npmjs.org/get-caller-file 114ms (cache revalidated)
npm http fetch GET 200 https://registry.npmjs.org/require-directory 233ms (cache revalidated)
npm http fetch GET 200 https://registry.npmjs.org/resolve 61ms (cache revalidated)
npm http fetch GET 200 https://registry.npmjs.org/lodash.debounce 66ms (cache revalidated)
npm http fetch GET 200 https://registry.npmjs.org/is-core-module 66ms (cache revalidated)
npm http fetch GET 200 https://registry.npmjs.org/path-parse 70ms (cache revalidated)
npm http fetch GET 200 https://registry.npmjs.org/es-errors 71ms (cache revalidated)
npm http fetch GET 200 https://registry.npmjs.org/supports-preserve-symlinks-flag 78ms (cache revalidated)
npm http fetch GET 200 https://registry.npmjs.org/simple-swizzle 106ms (cache revalidated)
npm http fetch GET 200 https://registry.npmjs.org/color-name 107ms (cache revalidated)
npm http fetch GET 200 https://registry.npmjs.org/color-name 108ms (cache revalidated)
npm http fetch GET 200 https://registry.npmjs.org/is-arrayish 74ms (cache revalidated)
npm http cache https://registry.npmjs.org/expo 13ms (cache hit)
npm http cache https://registry.npmjs.org/react 21ms (cache hit)
npm http fetch GET 200 https://registry.npmjs.org/expo-router 77ms (cache revalidated)
npm http fetch GET 200 https://registry.npmjs.org/@testing-library%2freact-native 573ms (cache revalidated)
npm http fetch GET 200 https://registry.npmjs.org/jest 66ms (cache revalidated)
npm http fetch GET 200 https://registry.npmjs.org/node-notifier 117ms (cache revalidated)
npm http fetch GET 200 https://registry.npmjs.org/test-renderer 230ms (cache revalidated)
npm http cache https://registry.npmjs.org/react-native-gesture-handler 6ms (cache hit)
npm http fetch GET 200 https://registry.npmjs.org/react-native-reanimated 320ms (cache revalidated)
npm http fetch GET 200 https://registry.npmjs.org/react-native-worklets 67ms (cache revalidated)
npm http fetch GET 200 https://registry.npmjs.org/@react-native%2fmetro-config 317ms (cache revalidated)
npm http fetch GET 200 https://registry.npmjs.org/react-server-dom-webpack 85ms (cache revalidated)
npm http fetch GET 200 https://registry.npmjs.org/webpack 83ms (cache revalidated)
npm http cache https://registry.npmjs.org/react-native-worklets 16ms (cache hit)
npm http fetch GET 200 https://registry.npmjs.org/slugify 359ms (cache revalidated)
npm http fetch GET 200 https://registry.npmjs.org/wrap-ansi 360ms (cache revalidated)
npm http fetch GET 200 https://registry.npmjs.org/send 370ms (cache revalidated)
npm http fetch GET 200 https://registry.npmjs.org/ora 375ms (cache revalidated)
npm http fetch GET 200 https://registry.npmjs.org/getenv 377ms (cache revalidated)
npm http fetch GET 200 https://registry.npmjs.org/prompts 377ms (cache revalidated)
npm http fetch GET 200 https://registry.npmjs.org/zod 389ms (cache revalidated)
npm http fetch GET 200 https://registry.npmjs.org/glob 421ms (cache revalidated)
npm http fetch GET 200 https://registry.npmjs.org/arg 429ms (cache revalidated)
npm http fetch GET 200 https://registry.npmjs.org/chalk 429ms (cache revalidated)
npm http fetch GET 200 https://registry.npmjs.org/accepts 443ms (cache revalidated)
npm http fetch GET 200 https://registry.npmjs.org/connect 447ms (cache revalidated)
npm http fetch GET 200 https://registry.npmjs.org/compression 450ms (cache revalidated)
npm http fetch GET 200 https://registry.npmjs.org/expo-server 453ms (cache revalidated)
npm http fetch GET 200 https://registry.npmjs.org/node-forge 459ms (cache revalidated)
npm http fetch GET 200 https://registry.npmjs.org/ci-info 505ms (cache revalidated)
npm http fetch GET 200 https://registry.npmjs.org/terminal-link 160ms (cache revalidated)
npm http fetch GET 200 https://registry.npmjs.org/resolve-from 172ms (cache revalidated)
npm http fetch GET 200 https://registry.npmjs.org/bplist-creator 136ms (cache revalidated)
npm http fetch GET 200 https://registry.npmjs.org/bplist-parser 180ms (cache revalidated)
npm http fetch GET 200 https://registry.npmjs.org/npm-package-arg 99ms (cache revalidated)
npm http fetch GET 200 https://registry.npmjs.org/@expo%2fosascript 131ms (cache revalidated)
npm http fetch GET 200 https://registry.npmjs.org/@expo%2fdevcert 200ms (cache revalidated)
npm http fetch GET 200 https://registry.npmjs.org/@expo%2fxcpretty 196ms (cache revalidated)
npm http fetch GET 200 https://registry.npmjs.org/toqr 581ms (cache revalidated)
npm http fetch GET 200 https://registry.npmjs.org/multitars 596ms (cache revalidated)
npm http fetch GET 200 https://registry.npmjs.org/@expo%2frequire-utils 81ms (cache revalidated)
npm http fetch GET 200 https://registry.npmjs.org/@expo%2fschema-utils 158ms (cache revalidated)
npm http fetch GET 200 https://registry.npmjs.org/progress 636ms (cache revalidated)
npm http fetch GET 200 https://registry.npmjs.org/@expo%2fpackage-manager 104ms (cache revalidated)
npm http fetch GET 200 https://registry.npmjs.org/@react-native%2fdev-middleware 125ms (cache revalidated)
npm http fetch GET 200 https://registry.npmjs.org/@expo%2fcode-signing-certificates 136ms (cache revalidated)
npm http fetch GET 200 https://registry.npmjs.org/deepmerge 133ms (cache revalidated)
npm http fetch GET 200 https://registry.npmjs.org/@expo%2fspawn-async 274ms (cache revalidated)
npm http fetch GET 200 https://registry.npmjs.org/resolve-workspace-root 123ms (cache revalidated)
npm http fetch GET 200 https://registry.npmjs.org/lan-network 410ms (cache revalidated)
npm http fetch GET 200 https://registry.npmjs.org/@expo%2fjson-file 155ms (cache revalidated)
npm http fetch GET 200 https://registry.npmjs.org/fetch-nodeshim 365ms (cache revalidated)
npm http fetch GET 200 https://registry.npmjs.org/@expo%2fmetro-file-map 233ms (cache revalidated)
npm http fetch GET 200 https://registry.npmjs.org/@expo%2finline-modules 245ms (cache revalidated)
npm http fetch GET 200 https://registry.npmjs.org/@expo%2fjson-file 382ms (cache revalidated)
npm http fetch GET 200 https://registry.npmjs.org/xcode 188ms (cache revalidated)
npm http fetch GET 200 https://registry.npmjs.org/dnssd-advertise 427ms (cache revalidated)
npm http fetch GET 200 https://registry.npmjs.org/structured-headers 348ms (cache revalidated)
npm http fetch GET 200 https://registry.npmjs.org/ignore 171ms (cache revalidated)
npm http fetch GET 200 https://registry.npmjs.org/@expo%2fsdk-runtime-versions 179ms (cache revalidated)
npm http fetch GET 200 https://registry.npmjs.org/agent-cli-detector 391ms (cache revalidated)
npm http fetch GET 200 https://registry.npmjs.org/minimatch 163ms (cache revalidated)
npm http fetch GET 200 https://registry.npmjs.org/metro-core 150ms (cache revalidated)
npm http fetch GET 200 https://registry.npmjs.org/metro-config 126ms (cache revalidated)
npm http fetch GET 200 https://registry.npmjs.org/metro-file-map 159ms (cache revalidated)
npm http fetch GET 200 https://registry.npmjs.org/metro-resolver 160ms (cache revalidated)
npm http cache https://registry.npmjs.org/react-is 19ms (cache hit)
npm http fetch GET 200 https://registry.npmjs.org/@expo%2fjson-file 357ms (cache revalidated)
npm http fetch GET 200 https://registry.npmjs.org/metro-symbolicate 231ms (cache revalidated)
npm http fetch GET 200 https://registry.npmjs.org/metro-cache-key 248ms (cache revalidated)
npm http fetch GET 200 https://registry.npmjs.org/lightningcss 152ms (cache revalidated)
npm http fetch GET 200 https://registry.npmjs.org/metro-minify-terser 192ms (cache revalidated)
npm http fetch GET 200 https://registry.npmjs.org/fontfaceobserver 152ms (cache revalidated)
npm http fetch GET 200 https://registry.npmjs.org/postcss 168ms (cache revalidated)
npm http fetch GET 200 https://registry.npmjs.org/metro-cache 329ms (cache revalidated)
npm http fetch GET 200 https://registry.npmjs.org/@expo%2frouter-server 576ms (cache revalidated)
npm http fetch GET 200 https://registry.npmjs.org/metro 396ms (cache revalidated)
npm http fetch GET 200 https://registry.npmjs.org/ansi-styles 122ms (cache revalidated)
npm http fetch GET 200 https://registry.npmjs.org/@jest%2fschemas 104ms (cache revalidated)
npm http fetch GET 200 https://registry.npmjs.org/@expo%2fprebuild-config 586ms (cache revalidated)
npm http fetch GET 200 https://registry.npmjs.org/metro-transform-worker 345ms (cache revalidated)
npm http fetch GET 200 https://registry.npmjs.org/metro-babel-transformer 345ms (cache revalidated)
npm http fetch GET 200 https://registry.npmjs.org/jsc-safe-url 347ms (cache revalidated)
npm http fetch GET 200 https://registry.npmjs.org/@expo%2fws-tunnel 801ms (cache revalidated)
npm http fetch GET 200 https://registry.npmjs.org/expo-modules-jsi 406ms (cache revalidated)
npm http fetch GET 200 https://registry.npmjs.org/metro-transform-plugins 617ms (cache revalidated)
npm http fetch GET 200 https://registry.npmjs.org/@expo%2fexpo-modules-macros-plugin 589ms (cache revalidated)
npm http cache https://registry.npmjs.org/typescript 37ms (cache hit)
npm http fetch GET 200 https://registry.npmjs.org/minipass 82ms (cache revalidated)
npm http fetch GET 200 https://registry.npmjs.org/path-scurry 312ms (cache revalidated)
npm http fetch GET 200 https://registry.npmjs.org/uuid 66ms (cache revalidated)
npm http fetch GET 200 https://registry.npmjs.org/supports-color 73ms (cache revalidated)
npm http fetch GET 200 https://registry.npmjs.org/sax 77ms (cache revalidated)
npm http fetch GET 200 https://registry.npmjs.org/simple-plist 81ms (cache revalidated)
npm http fetch GET 200 https://registry.npmjs.org/xmlbuilder 93ms (cache revalidated)
npm http fetch GET 200 https://registry.npmjs.org/xmlbuilder 318ms (cache revalidated)
npm http fetch GET 200 https://registry.npmjs.org/@xmldom%2fxmldom 331ms (cache revalidated)
npm http fetch GET 200 https://registry.npmjs.org/cross-spawn 68ms (cache revalidated)
npm http fetch GET 200 https://registry.npmjs.org/brace-expansion 69ms (cache revalidated)
npm http fetch GET 200 https://registry.npmjs.org/mime-types 102ms (cache revalidated)
npm http fetch GET 200 https://registry.npmjs.org/source-map 112ms (cache revalidated)
npm http fetch GET 200 https://registry.npmjs.org/graceful-fs 119ms (cache revalidated)
npm http fetch GET 200 https://registry.npmjs.org/yaml 117ms (cache revalidated)
npm http fetch GET 200 https://registry.npmjs.org/jest-worker 132ms (cache revalidated)
npm http fetch GET 200 https://registry.npmjs.org/lodash.throttle 138ms (cache revalidated)
npm http fetch GET 200 https://registry.npmjs.org/jest-validate 136ms (cache revalidated)
npm http fetch GET 200 https://registry.npmjs.org/micromatch 143ms (cache revalidated)
npm http fetch GET 200 https://registry.npmjs.org/walker 148ms (cache revalidated)
npm http fetch GET 200 https://registry.npmjs.org/serialize-error 156ms (cache revalidated)
npm http fetch GET 200 https://registry.npmjs.org/https-proxy-agent 159ms (cache revalidated)
npm http fetch GET 200 https://registry.npmjs.org/error-stack-parser 164ms (cache revalidated)
npm http fetch GET 200 https://registry.npmjs.org/lodash.throttle 163ms (cache revalidated)
npm http fetch GET 200 https://registry.npmjs.org/graceful-fs 166ms (cache revalidated)
npm http fetch GET 200 https://registry.npmjs.org/jest-worker 172ms (cache revalidated)
npm http fetch GET 200 https://registry.npmjs.org/fb-watchman 177ms (cache revalidated)
npm http fetch GET 200 https://registry.npmjs.org/terser 120ms (cache revalidated)
npm http fetch GET 200 https://registry.npmjs.org/ob1 117ms (cache revalidated)
npm http fetch GET 200 https://registry.npmjs.org/vlq 120ms (cache revalidated)
npm http fetch GET 200 https://registry.npmjs.org/vlq 112ms (cache revalidated)
npm http fetch GET 200 https://registry.npmjs.org/image-size 299ms (cache revalidated)
npm http fetch GET 200 https://registry.npmjs.org/throat 350ms (cache revalidated)
npm http fetch GET 200 https://registry.npmjs.org/exponential-backoff 348ms (cache revalidated)
npm http fetch GET 200 https://registry.npmjs.org/which 74ms (cache revalidated)
npm http fetch GET 200 https://registry.npmjs.org/path-key 80ms (cache revalidated)
npm http fetch GET 200 https://registry.npmjs.org/shebang-command 88ms (cache revalidated)
npm http fetch GET 200 https://registry.npmjs.org/has-flag 122ms (cache revalidated)
npm http fetch GET 200 https://registry.npmjs.org/shebang-regex 62ms (cache revalidated)
npm http fetch GET 200 https://registry.npmjs.org/isexe 69ms (cache revalidated)
npm http fetch GET 200 https://registry.npmjs.org/parse-png 59ms (cache revalidated)
npm http fetch GET 200 https://registry.npmjs.org/jimp-compact 289ms (cache revalidated)
npm http fetch GET 200 https://registry.npmjs.org/pngjs 66ms (cache revalidated)
npm http fetch GET 200 https://registry.npmjs.org/bufferutil 56ms (cache revalidated)
npm http fetch GET 200 https://registry.npmjs.org/utf-8-validate 66ms (cache revalidated)
npm http fetch GET 200 https://registry.npmjs.org/utils-merge 70ms (cache revalidated)
npm http fetch GET 200 https://registry.npmjs.org/parseurl 71ms (cache revalidated)
npm http fetch GET 200 https://registry.npmjs.org/stackframe 80ms (cache revalidated)
npm http fetch GET 200 https://registry.npmjs.org/merge-stream 82ms (cache revalidated)
npm http fetch GET 200 https://registry.npmjs.org/mime-db 83ms (cache revalidated)
npm http fetch GET 200 https://registry.npmjs.org/jest-util 87ms (cache revalidated)
npm http fetch GET 200 https://registry.npmjs.org/negotiator 96ms (cache revalidated)
npm http fetch GET 200 https://registry.npmjs.org/finalhandler 164ms (cache revalidated)
npm http fetch GET 200 https://registry.npmjs.org/queue 293ms (cache revalidated)
npm http fetch GET 200 https://registry.npmjs.org/encodeurl 68ms (cache revalidated)
npm http fetch GET 200 https://registry.npmjs.org/on-finished 71ms (cache revalidated)
npm http fetch GET 200 https://registry.npmjs.org/escape-html 73ms (cache revalidated)
npm http fetch GET 200 https://registry.npmjs.org/unpipe 75ms (cache revalidated)
npm http fetch GET 200 https://registry.npmjs.org/statuses 123ms (cache revalidated)
npm http fetch GET 200 https://registry.npmjs.org/ee-first 60ms (cache revalidated)
npm http fetch GET 200 https://registry.npmjs.org/inherits 67ms (cache revalidated)
npm http fetch GET 200 https://registry.npmjs.org/@jest%2ftypes 72ms (cache revalidated)
npm http fetch GET 200 https://registry.npmjs.org/@types%2fistanbul-reports 65ms (cache revalidated)
npm http fetch GET 200 https://registry.npmjs.org/@types%2fistanbul-lib-coverage 66ms (cache revalidated)
npm http fetch GET 200 https://registry.npmjs.org/@types%2fyargs 76ms (cache revalidated)
npm http fetch GET 200 https://registry.npmjs.org/@types%2fistanbul-lib-report 112ms (cache revalidated)
npm http fetch GET 200 https://registry.npmjs.org/@sinclair%2ftypebox 123ms (cache revalidated)
npm http fetch GET 200 https://registry.npmjs.org/@types%2fyargs-parser 174ms (cache revalidated)
npm http fetch GET 200 https://registry.npmjs.org/agent-base 258ms (cache revalidated)
npm http fetch GET 200 https://registry.npmjs.org/camelcase 61ms (cache revalidated)
npm http fetch GET 200 https://registry.npmjs.org/leven 74ms (cache revalidated)
npm http fetch GET 200 https://registry.npmjs.org/jest-get-type 342ms (cache revalidated)
npm http fetch GET 200 https://registry.npmjs.org/bser 74ms (cache revalidated)
npm http fetch GET 200 https://registry.npmjs.org/makeerror 74ms (cache revalidated)
npm http fetch GET 200 https://registry.npmjs.org/braces 82ms (cache revalidated)
npm http fetch GET 200 https://registry.npmjs.org/node-int64 113ms (cache revalidated)
npm http fetch GET 200 https://registry.npmjs.org/acorn 64ms (cache revalidated)
npm http fetch GET 200 https://registry.npmjs.org/source-map-support 71ms (cache revalidated)
npm http fetch GET 200 https://registry.npmjs.org/@jridgewell%2fsource-map 75ms (cache revalidated)
npm http fetch GET 200 https://registry.npmjs.org/fill-range 62ms (cache revalidated)
npm http fetch GET 200 https://registry.npmjs.org/to-regex-range 69ms (cache revalidated)
npm http fetch GET 200 https://registry.npmjs.org/is-number 85ms (cache revalidated)
npm http fetch GET 200 https://registry.npmjs.org/balanced-match 124ms (cache revalidated)
npm http cache https://registry.npmjs.org/react 26ms (cache hit)
npm http fetch GET 200 https://registry.npmjs.org/@react-native-community%2fcli 451ms (cache revalidated)
npm http cache https://registry.npmjs.org/@react-native%2fmetro-config 8ms (cache hit)
npm warn ERESOLVE overriding peer dependency
npm verbose attempt to log crashed ERESOLVE overriding peer dependency {
npm verbose   code: 'ERESOLVE',
npm verbose   edge: {
npm verbose     type: 'peerOptional',
npm verbose     name: '@types/react',
npm verbose     spec: '^19.2.0',
npm verbose     error: 'INVALID',
npm verbose     from: {
npm verbose       name: '@react-native/virtualized-lists',
npm verbose       version: '0.86.0',
npm verbose       location: 'node_modules/react-native/node_modules/@react-native/virtualized-lists',
npm verbose       isWorkspace: false,
npm verbose       dependents: [Array]
npm verbose     }
npm verbose   },
npm verbose   dep: {
npm verbose     name: '@types/react',
npm verbose     version: '19.2.18',
npm verbose     whileInstalling: {
npm verbose       name: 'react-native',
npm verbose       version: '0.86.0',
npm verbose       path: 'D:\\Intern\\ReOpSy\\app\\node_modules\\react-native'
npm verbose     },
npm verbose     location: 'node_modules/@types/react',
npm verbose     isWorkspace: false,
npm verbose     dependents: [ [Object] ]
npm verbose   },
npm verbose   force: true,
npm verbose   isMine: false,
npm verbose   strictPeerDeps: false,
npm verbose   current: {
npm verbose     name: '@types/react',
npm verbose     version: '19.1.17',
npm verbose     location: 'node_modules/@types/react',
npm verbose     isWorkspace: false,
npm verbose     dependents: [ [Object] ]
npm verbose   },
npm verbose   peerConflict: {
npm verbose     name: '@types/react',
npm verbose     version: '19.1.17',
npm verbose     location: 'node_modules/@types/react',
npm verbose     isWorkspace: false,
npm verbose     dependents: [ [Object] ]
npm verbose   }
npm verbose } TypeError: Cannot read properties of undefined (reading 'extraneous')
npm verbose     at printNode (D:\Intern\ReOpSy\tools\node-v22.14.0-win-x64\node_modules\npm\lib\utils\explain-dep.js:24:13)
npm verbose     at explainNode (D:\Intern\ReOpSy\tools\node-v22.14.0-win-x64\node_modules\npm\lib\utils\explain-dep.js:4:3)
npm verbose     at explain (D:\Intern\ReOpSy\tools\node-v22.14.0-win-x64\node_modules\npm\lib\utils\explain-eresolve.js:39:16)
npm verbose     at #tryWriteLog (D:\Intern\ReOpSy\tools\node-v22.14.0-win-x64\node_modules\npm\lib\utils\display.js:394:41)
npm verbose     at D:\Intern\ReOpSy\tools\node-v22.14.0-win-x64\node_modules\npm\lib\utils\display.js:286:28
npm verbose     at process.<anonymous> (D:\Intern\ReOpSy\tools\node-v22.14.0-win-x64\node_modules\npm\lib\utils\display.js:148:10)
npm verbose     at process.emit (node:events:530:35)
npm verbose     at Object.warn (D:\Intern\ReOpSy\tools\node-v22.14.0-win-x64\node_modules\npm\node_modules\proc-log\lib\index.js:62:22)
npm verbose     at PlaceDep.warnPeerConflict (D:\Intern\ReOpSy\tools\node-v22.14.0-win-x64\node_modules\npm\node_modules\@npmcli\arborist\lib\place-dep.js:496:9)
npm verbose     at new PlaceDep (D:\Intern\ReOpSy\tools\node-v22.14.0-win-x64\node_modules\npm\node_modules\@npmcli\arborist\lib\place-dep.js:165:14)
npm http cache https://registry.npmjs.org/@react-native%2fdev-middleware 12ms (cache hit)
npm http cache https://registry.npmjs.org/@types%2freact 41ms (cache hit)
npm http fetch GET 200 https://registry.npmjs.org/event-target-shim 70ms (cache revalidated)
npm http fetch GET 200 https://registry.npmjs.org/type-fest 75ms (cache revalidated)
npm http fetch GET 200 https://registry.npmjs.org/shell-quote 94ms (cache revalidated)
npm http fetch GET 200 https://registry.npmjs.org/asap 96ms (cache revalidated)
npm http fetch GET 200 https://registry.npmjs.org/chrome-launcher 68ms (cache revalidated)
npm http fetch GET 200 https://registry.npmjs.org/chromium-edge-launcher 77ms (cache revalidated)
npm http fetch GET 200 https://registry.npmjs.org/serve-static 81ms (cache revalidated)
npm http fetch GET 200 https://registry.npmjs.org/@react-native%2fdebugger-shell 85ms (cache revalidated)
npm http fetch GET 200 https://registry.npmjs.org/open 161ms (cache revalidated)
npm http fetch GET 200 https://registry.npmjs.org/@react-native%2fdebugger-frontend 532ms (cache revalidated)
npm http fetch GET 200 https://registry.npmjs.org/@isaacs%2fttlcache 562ms (cache revalidated)
npm http fetch GET 200 https://registry.npmjs.org/is-wsl 90ms (cache revalidated)
npm http fetch GET 200 https://registry.npmjs.org/is-docker 89ms (cache revalidated)
npm http fetch GET 200 https://registry.npmjs.org/is-wsl 91ms (cache revalidated)
npm http fetch GET 200 https://registry.npmjs.org/is-wsl 92ms (cache revalidated)
npm http fetch GET 200 https://registry.npmjs.org/mkdirp 95ms (cache revalidated)
npm http fetch GET 200 https://registry.npmjs.org/lighthouse-logger 344ms (cache revalidated)
npm http fetch GET 200 https://registry.npmjs.org/fb-dotslash 373ms (cache revalidated)
npm http fetch GET 200 https://registry.npmjs.org/lighthouse-logger 455ms (cache revalidated)
npm http fetch GET 200 https://registry.npmjs.org/marky 70ms (cache revalidated)
npm http cache https://registry.npmjs.org/react-is 18ms (cache hit)
npm http fetch GET 200 https://registry.npmjs.org/@types%2fhammerjs 305ms (cache revalidated)
npm http fetch GET 200 https://registry.npmjs.org/unicode-property-aliases-ecmascript 75ms (cache revalidated)
npm http fetch GET 200 https://registry.npmjs.org/unicode-canonical-property-names-ecmascript 310ms (cache revalidated)
npm http fetch GET 200 https://registry.npmjs.org/hasown 57ms (cache revalidated)
npm http fetch GET 200 https://registry.npmjs.org/function-bind 68ms (cache revalidated)
npm http fetch GET 200 https://registry.npmjs.org/fresh 74ms (cache revalidated)
npm http fetch GET 200 https://registry.npmjs.org/depd 81ms (cache revalidated)
npm http fetch GET 200 https://registry.npmjs.org/etag 84ms (cache revalidated)
npm http fetch GET 200 https://registry.npmjs.org/destroy 84ms (cache revalidated)
npm http fetch GET 200 https://registry.npmjs.org/range-parser 89ms (cache revalidated)
npm http fetch GET 200 https://registry.npmjs.org/http-errors 92ms (cache revalidated)
npm http fetch GET 200 https://registry.npmjs.org/mime 315ms (cache revalidated)
npm http fetch GET 200 https://registry.npmjs.org/setprototypeof 102ms (cache revalidated)
npm http fetch GET 200 https://registry.npmjs.org/toidentifier 196ms (cache revalidated)
npm http fetch GET 200 https://registry.npmjs.org/buffer-from 70ms (cache revalidated)
npm http fetch GET 200 https://registry.npmjs.org/tmpl 75ms (cache revalidated)
npm http fetch GET 200 https://registry.npmjs.org/plist 310ms (cache revalidated)
npm http fetch GET 200 https://registry.npmjs.org/stream-buffers 73ms (cache revalidated)
npm http fetch GET 200 https://registry.npmjs.org/big-integer 75ms (cache revalidated)
npm http fetch GET 200 https://registry.npmjs.org/emoji-regex 68ms (cache revalidated)
npm http fetch GET 200 https://registry.npmjs.org/strip-ansi 72ms (cache revalidated)
npm http fetch GET 200 https://registry.npmjs.org/strip-ansi 74ms (cache revalidated)
npm http fetch GET 200 https://registry.npmjs.org/is-fullwidth-code-point 74ms (cache revalidated)
npm http cache https://registry.npmjs.org/expo-constants 8ms (cache hit)
npm http cache https://registry.npmjs.org/@react-native%2fdebugger-frontend 52ms (cache hit)
npm http fetch GET 200 https://registry.npmjs.org/js-yaml 91ms (cache revalidated)
npm http fetch GET 200 https://registry.npmjs.org/proc-log 90ms (cache revalidated)
npm http fetch GET 200 https://registry.npmjs.org/vary 107ms (cache revalidated)
npm http fetch GET 200 https://registry.npmjs.org/compressible 106ms (cache revalidated)
npm http fetch GET 200 https://registry.npmjs.org/validate-npm-package-name 105ms (cache revalidated)
npm http fetch GET 200 https://registry.npmjs.org/wcwidth 106ms (cache revalidated)
npm http fetch GET 200 https://registry.npmjs.org/@expo%2fsudo-prompt 115ms (cache revalidated)
npm http fetch GET 200 https://registry.npmjs.org/cli-spinners 106ms (cache revalidated)
npm http fetch GET 200 https://registry.npmjs.org/hosted-git-info 111ms (cache revalidated)
npm http fetch GET 200 https://registry.npmjs.org/on-headers 119ms (cache revalidated)
npm http fetch GET 200 https://registry.npmjs.org/bytes 121ms (cache revalidated)
npm http fetch GET 200 https://registry.npmjs.org/log-symbols 116ms (cache revalidated)
npm http fetch GET 200 https://registry.npmjs.org/ansi-escapes 116ms (cache revalidated)
npm http fetch GET 200 https://registry.npmjs.org/sisteransi 151ms (cache revalidated)
npm http fetch GET 200 https://registry.npmjs.org/kleur 152ms (cache revalidated)
npm http fetch GET 200 https://registry.npmjs.org/supports-hyperlinks 155ms (cache revalidated)
npm http fetch GET 200 https://registry.npmjs.org/safe-buffer 166ms (cache revalidated)
npm http fetch GET 200 https://registry.npmjs.org/cli-cursor 204ms (cache revalidated)
npm http fetch GET 200 https://registry.npmjs.org/argparse 77ms (cache revalidated)
npm http fetch GET 200 https://registry.npmjs.org/restore-cursor 74ms (cache revalidated)
npm http fetch GET 200 https://registry.npmjs.org/defaults 74ms (cache revalidated)
npm http fetch GET 200 https://registry.npmjs.org/onetime 66ms (cache revalidated)
npm http fetch GET 200 https://registry.npmjs.org/signal-exit 69ms (cache revalidated)
npm http fetch GET 200 https://registry.npmjs.org/mimic-fn 75ms (cache revalidated)
npm http fetch GET 200 https://registry.npmjs.org/clone 66ms (cache revalidated)
npm http fetch GET 200 https://registry.npmjs.org/detect-libc 91ms (cache revalidated)
npm http fetch GET 200 https://registry.npmjs.org/lightningcss-darwin-x64 92ms (cache revalidated)
npm http fetch GET 200 https://registry.npmjs.org/lightningcss-win32-x64-msvc 98ms (cache revalidated)
npm http fetch GET 200 https://registry.npmjs.org/lightningcss-linux-x64-musl 99ms (cache revalidated)
npm http fetch GET 200 https://registry.npmjs.org/lightningcss-linux-arm-gnueabihf 100ms (cache revalidated)
npm http fetch GET 200 https://registry.npmjs.org/lightningcss-linux-x64-gnu 102ms (cache revalidated)
npm http fetch GET 200 https://registry.npmjs.org/lightningcss-linux-arm64-musl 102ms (cache revalidated)
npm http fetch GET 200 https://registry.npmjs.org/lightningcss-android-arm64 103ms (cache revalidated)
npm http fetch GET 200 https://registry.npmjs.org/lightningcss-darwin-arm64 105ms (cache revalidated)
npm http fetch GET 200 https://registry.npmjs.org/source-map-js 105ms (cache revalidated)
npm http fetch GET 200 https://registry.npmjs.org/lightningcss-freebsd-x64 108ms (cache revalidated)
npm http fetch GET 200 https://registry.npmjs.org/lightningcss-linux-arm64-gnu 148ms (cache revalidated)
npm http fetch GET 200 https://registry.npmjs.org/lightningcss-win32-arm64-msvc 210ms (cache revalidated)
npm verbose reify failed optional dependency D:\Intern\ReOpSy\app\node_modules\lightningcss-win32-arm64-msvc
npm verbose reify failed optional dependency D:\Intern\ReOpSy\app\node_modules\lightningcss-linux-x64-musl
npm verbose reify failed optional dependency D:\Intern\ReOpSy\app\node_modules\lightningcss-linux-x64-gnu
npm verbose reify failed optional dependency D:\Intern\ReOpSy\app\node_modules\lightningcss-linux-arm64-musl
npm verbose reify failed optional dependency D:\Intern\ReOpSy\app\node_modules\lightningcss-linux-arm64-gnu
npm verbose reify failed optional dependency D:\Intern\ReOpSy\app\node_modules\lightningcss-linux-arm-gnueabihf
npm verbose reify failed optional dependency D:\Intern\ReOpSy\app\node_modules\lightningcss-freebsd-x64
npm verbose reify failed optional dependency D:\Intern\ReOpSy\app\node_modules\lightningcss-darwin-x64
npm verbose reify failed optional dependency D:\Intern\ReOpSy\app\node_modules\lightningcss-darwin-arm64
npm verbose reify failed optional dependency D:\Intern\ReOpSy\app\node_modules\lightningcss-android-arm64
npm http cache source-map-js@https://registry.npmjs.org/source-map-js/-/source-map-js-1.2.1.tgz 0ms (cache hit)
npm http cache fontfaceobserver@https://registry.npmjs.org/fontfaceobserver/-/fontfaceobserver-2.3.0.tgz 0ms (cache hit)
npm http cache detect-libc@https://registry.npmjs.org/detect-libc/-/detect-libc-2.1.2.tgz 0ms (cache hit)
npm http cache lightningcss-win32-x64-msvc@https://registry.npmjs.org/lightningcss-win32-x64-msvc/-/lightningcss-win32-x64-msvc-1.33.0.tgz 1ms (cache hit)
npm http cache lightningcss@https://registry.npmjs.org/lightningcss/-/lightningcss-1.33.0.tgz 0ms (cache hit)
npm http cache clone@https://registry.npmjs.org/clone/-/clone-1.0.4.tgz 0ms (cache hit)
npm http cache postcss@https://registry.npmjs.org/postcss/-/postcss-8.5.25.tgz 0ms (cache hit)
npm http cache type-fest@https://registry.npmjs.org/type-fest/-/type-fest-0.21.3.tgz 0ms (cache hit)
npm http cache defaults@https://registry.npmjs.org/defaults/-/defaults-1.0.4.tgz 0ms (cache hit)
npm http cache ansi-escapes@https://registry.npmjs.org/ansi-escapes/-/ansi-escapes-4.3.2.tgz 0ms (cache hit)
npm http cache mimic-fn@https://registry.npmjs.org/mimic-fn/-/mimic-fn-1.2.0.tgz 0ms (cache hit)
npm http cache signal-exit@https://registry.npmjs.org/signal-exit/-/signal-exit-3.0.7.tgz 0ms (cache hit)
npm http cache supports-hyperlinks@https://registry.npmjs.org/supports-hyperlinks/-/supports-hyperlinks-2.3.0.tgz 0ms (cache hit)
npm http cache onetime@https://registry.npmjs.org/onetime/-/onetime-2.0.1.tgz 0ms (cache hit)
npm http cache restore-cursor@https://registry.npmjs.org/restore-cursor/-/restore-cursor-2.0.0.tgz 0ms (cache hit)
npm http cache kleur@https://registry.npmjs.org/kleur/-/kleur-3.0.3.tgz 0ms (cache hit)
npm http cache sisteransi@https://registry.npmjs.org/sisteransi/-/sisteransi-1.0.5.tgz 0ms (cache hit)
npm http cache has-flag@https://registry.npmjs.org/has-flag/-/has-flag-3.0.0.tgz 0ms (cache hit)
npm http cache wcwidth@https://registry.npmjs.org/wcwidth/-/wcwidth-1.0.1.tgz 1ms (cache hit)
npm http cache color-convert@https://registry.npmjs.org/color-convert/-/color-convert-1.9.3.tgz 0ms (cache hit)
npm http cache log-symbols@https://registry.npmjs.org/log-symbols/-/log-symbols-2.2.0.tgz 0ms (cache hit)
npm http cache escape-string-regexp@https://registry.npmjs.org/escape-string-regexp/-/escape-string-regexp-1.0.5.tgz 0ms (cache hit)
npm http cache color-name@https://registry.npmjs.org/color-name/-/color-name-1.1.3.tgz 0ms (cache hit)
npm http cache cli-spinners@https://registry.npmjs.org/cli-spinners/-/cli-spinners-2.9.2.tgz 0ms (cache hit)
npm http cache supports-color@https://registry.npmjs.org/supports-color/-/supports-color-5.5.0.tgz 0ms (cache hit)
npm http cache ansi-styles@https://registry.npmjs.org/ansi-styles/-/ansi-styles-3.2.1.tgz 0ms (cache hit)
npm http cache chalk@https://registry.npmjs.org/chalk/-/chalk-2.4.2.tgz 0ms (cache hit)
npm http cache lru-cache@https://registry.npmjs.org/lru-cache/-/lru-cache-10.4.3.tgz 0ms (cache hit)
npm http cache validate-npm-package-name@https://registry.npmjs.org/validate-npm-package-name/-/validate-npm-package-name-5.0.1.tgz 0ms (cache hit)
npm http cache cli-cursor@https://registry.npmjs.org/cli-cursor/-/cli-cursor-2.1.0.tgz 0ms (cache hit)
npm http cache proc-log@https://registry.npmjs.org/proc-log/-/proc-log-4.2.0.tgz 0ms (cache hit)
npm http cache hosted-git-info@https://registry.npmjs.org/hosted-git-info/-/hosted-git-info-7.0.2.tgz 0ms (cache hit)
npm http cache safe-buffer@https://registry.npmjs.org/safe-buffer/-/safe-buffer-5.2.1.tgz 0ms (cache hit)
npm http cache vary@https://registry.npmjs.org/vary/-/vary-1.1.2.tgz 0ms (cache hit)
npm http cache argparse@https://registry.npmjs.org/argparse/-/argparse-2.0.1.tgz 0ms (cache hit)
npm http cache on-headers@https://registry.npmjs.org/on-headers/-/on-headers-1.1.0.tgz 0ms (cache hit)
npm http cache @expo/sudo-prompt@https://registry.npmjs.org/@expo/sudo-prompt/-/sudo-prompt-9.3.2.tgz 0ms (cache hit)
npm http cache zod@https://registry.npmjs.org/zod/-/zod-3.25.76.tgz 0ms (cache hit)
npm http cache js-yaml@https://registry.npmjs.org/js-yaml/-/js-yaml-4.3.0.tgz 0ms (cache hit)
npm http cache compressible@https://registry.npmjs.org/compressible/-/compressible-2.0.18.tgz 0ms (cache hit)
npm http cache toqr@https://registry.npmjs.org/toqr/-/toqr-0.1.1.tgz 0ms (cache hit)
npm http cache terminal-link@https://registry.npmjs.org/terminal-link/-/terminal-link-2.1.1.tgz 0ms (cache hit)
npm http cache bytes@https://registry.npmjs.org/bytes/-/bytes-3.1.2.tgz 0ms (cache hit)
npm http cache prompts@https://registry.npmjs.org/prompts/-/prompts-2.4.2.tgz 0ms (cache hit)
npm http cache structured-headers@https://registry.npmjs.org/structured-headers/-/structured-headers-0.4.1.tgz 0ms (cache hit)
npm http cache progress@https://registry.npmjs.org/progress/-/progress-2.0.3.tgz 0ms (cache hit)
npm http cache ora@https://registry.npmjs.org/ora/-/ora-3.4.0.tgz 0ms (cache hit)
npm http cache ansi-regex@https://registry.npmjs.org/ansi-regex/-/ansi-regex-4.1.1.tgz 0ms (cache hit)
npm http cache color-name@https://registry.npmjs.org/color-name/-/color-name-1.1.3.tgz 0ms (cache hit)
npm http cache color-convert@https://registry.npmjs.org/color-convert/-/color-convert-1.9.3.tgz 0ms (cache hit)
npm http cache has-flag@https://registry.npmjs.org/has-flag/-/has-flag-3.0.0.tgz 0ms (cache hit)
npm http cache supports-color@https://registry.npmjs.org/supports-color/-/supports-color-5.5.0.tgz 0ms (cache hit)
npm http cache escape-string-regexp@https://registry.npmjs.org/escape-string-regexp/-/escape-string-regexp-1.0.5.tgz 0ms (cache hit)
npm http cache ansi-styles@https://registry.npmjs.org/ansi-styles/-/ansi-styles-3.2.1.tgz 0ms (cache hit)
npm http cache chalk@https://registry.npmjs.org/chalk/-/chalk-2.4.2.tgz 0ms (cache hit)
npm http cache strip-ansi@https://registry.npmjs.org/strip-ansi/-/strip-ansi-5.2.0.tgz 0ms (cache hit)
npm http cache semver@https://registry.npmjs.org/semver/-/semver-7.8.5.tgz 0ms (cache hit)
npm http cache npm-package-arg@https://registry.npmjs.org/npm-package-arg/-/npm-package-arg-11.0.3.tgz 0ms (cache hit)
npm http cache node-forge@https://registry.npmjs.org/node-forge/-/node-forge-1.4.0.tgz 0ms (cache hit)
npm http cache multitars@https://registry.npmjs.org/multitars/-/multitars-1.0.0.tgz 0ms (cache hit)
npm http cache fetch-nodeshim@https://registry.npmjs.org/fetch-nodeshim/-/fetch-nodeshim-0.4.10.tgz 0ms (cache hit)
npm http cache lan-network@https://registry.npmjs.org/lan-network/-/lan-network-0.2.1.tgz 0ms (cache hit)
npm http cache ms@https://registry.npmjs.org/ms/-/ms-2.0.0.tgz 0ms (cache hit)
npm http cache debug@https://registry.npmjs.org/debug/-/debug-2.6.9.tgz 0ms (cache hit)
npm http cache dnssd-advertise@https://registry.npmjs.org/dnssd-advertise/-/dnssd-advertise-1.1.6.tgz 0ms (cache hit)
npm http cache negotiator@https://registry.npmjs.org/negotiator/-/negotiator-0.6.4.tgz 0ms (cache hit)
npm http cache @expo/xcpretty@https://registry.npmjs.org/@expo/xcpretty/-/xcpretty-4.4.4.tgz 0ms (cache hit)
npm http cache @expo/schema-utils@https://registry.npmjs.org/@expo/schema-utils/-/schema-utils-57.0.2.tgz 0ms (cache hit)
npm http cache compression@https://registry.npmjs.org/compression/-/compression-1.8.1.tgz 0ms (cache hit)
npm http cache @expo/prebuild-config@https://registry.npmjs.org/@expo/prebuild-config/-/prebuild-config-57.0.10.tgz 0ms (cache hit)
npm http cache semver@https://registry.npmjs.org/semver/-/semver-7.8.5.tgz 0ms (cache hit)
npm http cache @expo/package-manager@https://registry.npmjs.org/@expo/package-manager/-/package-manager-1.13.1.tgz 0ms (cache hit)
npm http cache @expo/osascript@https://registry.npmjs.org/@expo/osascript/-/osascript-2.7.1.tgz 0ms (cache hit)
npm http cache agent-cli-detector@https://registry.npmjs.org/agent-cli-detector/-/agent-cli-detector-0.1.4.tgz 0ms (cache hit)
npm http cache expo-server@https://registry.npmjs.org/expo-server/-/expo-server-57.0.1.tgz 0ms (cache hit)
npm http cache @expo/metro-file-map@https://registry.npmjs.org/@expo/metro-file-map/-/metro-file-map-57.0.1.tgz 0ms (cache hit)
npm http cache @expo/inline-modules@https://registry.npmjs.org/@expo/inline-modules/-/inline-modules-0.1.4.tgz 0ms (cache hit)
npm http cache debug@https://registry.npmjs.org/debug/-/debug-3.2.7.tgz 0ms (cache hit)
npm http cache @expo/devcert@https://registry.npmjs.org/@expo/devcert/-/devcert-1.2.1.tgz 0ms (cache hit)
npm http cache @expo/code-signing-certificates@https://registry.npmjs.org/@expo/code-signing-certificates/-/code-signing-certificates-0.0.6.tgz 0ms (cache hit)
npm http cache is-fullwidth-code-point@https://registry.npmjs.org/is-fullwidth-code-point/-/is-fullwidth-code-point-3.0.0.tgz 0ms (cache hit)
npm http cache emoji-regex@https://registry.npmjs.org/emoji-regex/-/emoji-regex-8.0.0.tgz 0ms (cache hit)
npm http cache wrap-ansi@https://registry.npmjs.org/wrap-ansi/-/wrap-ansi-7.0.0.tgz 0ms (cache hit)
npm http cache yargs-parser@https://registry.npmjs.org/yargs-parser/-/yargs-parser-21.1.1.tgz 0ms (cache hit)
npm http cache strip-ansi@https://registry.npmjs.org/strip-ansi/-/strip-ansi-6.0.1.tgz 0ms (cache hit)
npm http cache string-width@https://registry.npmjs.org/string-width/-/string-width-4.2.3.tgz 0ms (cache hit)
npm http cache require-directory@https://registry.npmjs.org/require-directory/-/require-directory-2.1.1.tgz 0ms (cache hit)
npm http cache get-caller-file@https://registry.npmjs.org/get-caller-file/-/get-caller-file-2.0.5.tgz 0ms (cache hit)
npm http cache y18n@https://registry.npmjs.org/y18n/-/y18n-5.0.8.tgz 0ms (cache hit)
npm http cache sax@https://registry.npmjs.org/sax/-/sax-1.6.1.tgz 0ms (cache hit)
npm http cache cliui@https://registry.npmjs.org/cliui/-/cliui-8.0.1.tgz 0ms (cache hit)
npm http cache big-integer@https://registry.npmjs.org/big-integer/-/big-integer-1.6.52.tgz 0ms (cache hit)
npm http cache @xmldom/xmldom@https://registry.npmjs.org/@xmldom/xmldom/-/xmldom-0.9.10.tgz 0ms (cache hit)
npm http cache stream-buffers@https://registry.npmjs.org/stream-buffers/-/stream-buffers-2.2.0.tgz 0ms (cache hit)
npm http cache bplist-parser@https://registry.npmjs.org/bplist-parser/-/bplist-parser-0.3.1.tgz 0ms (cache hit)
npm http cache bplist-creator@https://registry.npmjs.org/bplist-creator/-/bplist-creator-0.1.0.tgz 0ms (cache hit)
npm http cache plist@https://registry.npmjs.org/plist/-/plist-3.1.1.tgz 0ms (cache hit)
npm http cache uuid@https://registry.npmjs.org/uuid/-/uuid-7.0.3.tgz 0ms (cache hit)
npm http cache simple-plist@https://registry.npmjs.org/simple-plist/-/simple-plist-1.3.1.tgz 0ms (cache hit)
npm http cache isexe@https://registry.npmjs.org/isexe/-/isexe-2.0.0.tgz 0ms (cache hit)
npm http cache makeerror@https://registry.npmjs.org/makeerror/-/makeerror-1.0.12.tgz 0ms (cache hit)
npm http cache tmpl@https://registry.npmjs.org/tmpl/-/tmpl-1.0.5.tgz 0ms (cache hit)
npm http cache escalade@https://registry.npmjs.org/escalade/-/escalade-3.2.0.tgz 0ms (cache hit)
npm http cache unicode-canonical-property-names-ecmascript@https://registry.npmjs.org/unicode-canonical-property-names-ecmascript/-/unicode-canonical-property-names-ecmascript-2.0.1.tgz 0ms (cache hit)
npm http cache is-number@https://registry.npmjs.org/is-number/-/is-number-7.0.0.tgz 0ms (cache hit)
npm http cache unicode-property-aliases-ecmascript@https://registry.npmjs.org/unicode-property-aliases-ecmascript/-/unicode-property-aliases-ecmascript-2.2.0.tgz 0ms (cache hit)
npm http cache source-map@https://registry.npmjs.org/source-map/-/source-map-0.6.1.tgz 0ms (cache hit)
npm http cache @jridgewell/source-map@https://registry.npmjs.org/@jridgewell/source-map/-/source-map-0.3.11.tgz 0ms (cache hit)
npm http cache buffer-from@https://registry.npmjs.org/buffer-from/-/buffer-from-1.1.2.tgz 0ms (cache hit)
npm http cache source-map-support@https://registry.npmjs.org/source-map-support/-/source-map-support-0.5.21.tgz 0ms (cache hit)
npm http cache acorn@https://registry.npmjs.org/acorn/-/acorn-8.18.0.tgz 0ms (cache hit)
npm http cache has-flag@https://registry.npmjs.org/has-flag/-/has-flag-4.0.0.tgz 0ms (cache hit)
npm http cache type-fest@https://registry.npmjs.org/type-fest/-/type-fest-0.7.1.tgz 0ms (cache hit)
npm http cache toidentifier@https://registry.npmjs.org/toidentifier/-/toidentifier-1.0.1.tgz 0ms (cache hit)
npm http cache is-arrayish@https://registry.npmjs.org/is-arrayish/-/is-arrayish-0.3.4.tgz 0ms (cache hit)
npm http cache setprototypeof@https://registry.npmjs.org/setprototypeof/-/setprototypeof-1.2.0.tgz 0ms (cache hit)
npm http cache shebang-regex@https://registry.npmjs.org/shebang-regex/-/shebang-regex-3.0.0.tgz 0ms (cache hit)
npm http cache range-parser@https://registry.npmjs.org/range-parser/-/range-parser-1.2.1.tgz 0ms (cache hit)
npm http cache statuses@https://registry.npmjs.org/statuses/-/statuses-2.0.2.tgz 0ms (cache hit)
npm http cache mime@https://registry.npmjs.org/mime/-/mime-1.6.0.tgz 0ms (cache hit)
npm http cache http-errors@https://registry.npmjs.org/http-errors/-/http-errors-2.0.1.tgz 0ms (cache hit)
npm http cache fresh@https://registry.npmjs.org/fresh/-/fresh-0.5.2.tgz 0ms (cache hit)
npm http cache etag@https://registry.npmjs.org/etag/-/etag-1.8.1.tgz 0ms (cache hit)
npm http cache destroy@https://registry.npmjs.org/destroy/-/destroy-1.2.0.tgz 0ms (cache hit)
npm http cache depd@https://registry.npmjs.org/depd/-/depd-2.0.0.tgz 0ms (cache hit)
npm http cache statuses@https://registry.npmjs.org/statuses/-/statuses-2.0.2.tgz 0ms (cache hit)
npm http cache encodeurl@https://registry.npmjs.org/encodeurl/-/encodeurl-2.0.0.tgz 0ms (cache hit)
npm http cache debug@https://registry.npmjs.org/debug/-/debug-2.6.9.tgz 0ms (cache hit)
npm http cache send@https://registry.npmjs.org/send/-/send-0.19.2.tgz 0ms (cache hit)
npm http cache ms@https://registry.npmjs.org/ms/-/ms-2.0.0.tgz 0ms (cache hit)
npm http cache function-bind@https://registry.npmjs.org/function-bind/-/function-bind-1.1.2.tgz 0ms (cache hit)
npm http cache hasown@https://registry.npmjs.org/hasown/-/hasown-2.0.4.tgz 0ms (cache hit)
npm http cache path-parse@https://registry.npmjs.org/path-parse/-/path-parse-1.0.7.tgz 0ms (cache hit)
npm http cache on-finished@https://registry.npmjs.org/on-finished/-/on-finished-2.4.1.tgz 0ms (cache hit)
npm http cache supports-preserve-symlinks-flag@https://registry.npmjs.org/supports-preserve-symlinks-flag/-/supports-preserve-symlinks-flag-1.0.0.tgz 0ms (cache hit)
npm http cache unicode-match-property-ecmascript@https://registry.npmjs.org/unicode-match-property-ecmascript/-/unicode-match-property-ecmascript-2.0.0.tgz 0ms (cache hit)
npm http cache is-core-module@https://registry.npmjs.org/is-core-module/-/is-core-module-2.16.2.tgz 0ms (cache hit)
npm http cache unicode-match-property-value-ecmascript@https://registry.npmjs.org/unicode-match-property-value-ecmascript/-/unicode-match-property-value-ecmascript-2.2.1.tgz 0ms (cache hit)
npm http cache regjsgen@https://registry.npmjs.org/regjsgen/-/regjsgen-0.8.0.tgz 0ms (cache hit)
npm http cache regjsparser@https://registry.npmjs.org/regjsparser/-/regjsparser-0.13.2.tgz 0ms (cache hit)
npm http cache regenerate-unicode-properties@https://registry.npmjs.org/regenerate-unicode-properties/-/regenerate-unicode-properties-10.2.2.tgz 0ms (cache hit)
npm http cache es-errors@https://registry.npmjs.org/es-errors/-/es-errors-1.3.0.tgz 0ms (cache hit)
npm http cache regenerate@https://registry.npmjs.org/regenerate/-/regenerate-1.4.2.tgz 0ms (cache hit)
npm http cache react-is@https://registry.npmjs.org/react-is/-/react-is-16.13.1.tgz 0ms (cache hit)
npm http cache @types/hammerjs@https://registry.npmjs.org/@types/hammerjs/-/hammerjs-2.0.46.tgz 0ms (cache hit)
npm http cache react-freeze@https://registry.npmjs.org/react-freeze/-/react-freeze-1.0.4.tgz 0ms (cache hit)
npm http cache @egjs/hammerjs@https://registry.npmjs.org/@egjs/hammerjs/-/hammerjs-2.0.17.tgz 0ms (cache hit)
npm http cache hoist-non-react-statics@https://registry.npmjs.org/hoist-non-react-statics/-/hoist-non-react-statics-3.3.2.tgz 0ms (cache hit)
npm http cache @types/react-test-renderer@https://registry.npmjs.org/@types/react-test-renderer/-/react-test-renderer-19.1.0.tgz 0ms (cache hit)
npm http cache marky@https://registry.npmjs.org/marky/-/marky-1.3.0.tgz 0ms (cache hit)
npm http cache shell-quote@https://registry.npmjs.org/shell-quote/-/shell-quote-1.10.0.tgz 0ms (cache hit)
npm http cache asap@https://registry.npmjs.org/asap/-/asap-2.0.6.tgz 0ms (cache hit)
npm http cache ms@https://registry.npmjs.org/ms/-/ms-2.0.0.tgz 0ms (cache hit)
npm http cache debug@https://registry.npmjs.org/debug/-/debug-2.6.9.tgz 0ms (cache hit)
npm http cache mkdirp@https://registry.npmjs.org/mkdirp/-/mkdirp-1.0.4.tgz 0ms (cache hit)
npm http cache is-docker@https://registry.npmjs.org/is-docker/-/is-docker-2.2.1.tgz 0ms (cache hit)
npm http cache lighthouse-logger@https://registry.npmjs.org/lighthouse-logger/-/lighthouse-logger-1.4.2.tgz 0ms (cache hit)
npm http cache is-wsl@https://registry.npmjs.org/is-wsl/-/is-wsl-2.2.0.tgz 0ms (cache hit)
npm http cache event-target-shim@https://registry.npmjs.org/event-target-shim/-/event-target-shim-5.0.1.tgz 0ms (cache hit)
npm http cache fb-dotslash@https://registry.npmjs.org/fb-dotslash/-/fb-dotslash-0.5.8.tgz 0ms (cache hit)
npm http cache serve-static@https://registry.npmjs.org/serve-static/-/serve-static-1.16.3.tgz 0ms (cache hit)
npm http cache open@https://registry.npmjs.org/open/-/open-7.4.2.tgz 0ms (cache hit)
npm http cache encodeurl@https://registry.npmjs.org/encodeurl/-/encodeurl-2.0.0.tgz 0ms (cache hit)
npm http cache @react-native/debugger-shell@https://registry.npmjs.org/@react-native/debugger-shell/-/debugger-shell-0.86.0.tgz 0ms (cache hit)
npm http cache chromium-edge-launcher@https://registry.npmjs.org/chromium-edge-launcher/-/chromium-edge-launcher-0.3.0.tgz 0ms (cache hit)
npm http cache @react-native/debugger-frontend@https://registry.npmjs.org/@react-native/debugger-frontend/-/debugger-frontend-0.86.0.tgz 0ms (cache hit)
npm http cache @react-native/dev-middleware@https://registry.npmjs.org/@react-native/dev-middleware/-/dev-middleware-0.86.0.tgz 0ms (cache hit)
npm http cache chrome-launcher@https://registry.npmjs.org/chrome-launcher/-/chrome-launcher-0.15.2.tgz 0ms (cache hit)
npm http cache stacktrace-parser@https://registry.npmjs.org/stacktrace-parser/-/stacktrace-parser-0.1.11.tgz 0ms (cache hit)
npm http cache whatwg-fetch@https://registry.npmjs.org/whatwg-fetch/-/whatwg-fetch-3.6.20.tgz 0ms (cache hit)
npm http cache @isaacs/ttlcache@https://registry.npmjs.org/@isaacs/ttlcache/-/ttlcache-1.4.1.tgz 0ms (cache hit)
npm http cache regenerator-runtime@https://registry.npmjs.org/regenerator-runtime/-/regenerator-runtime-0.13.11.tgz 0ms (cache hit)
npm http cache scheduler@https://registry.npmjs.org/scheduler/-/scheduler-0.27.0.tgz 0ms (cache hit)
npm http cache react-devtools-core@https://registry.npmjs.org/react-devtools-core/-/react-devtools-core-6.1.5.tgz 0ms (cache hit)
npm http cache promise@https://registry.npmjs.org/promise/-/promise-8.3.0.tgz 0ms (cache hit)
npm http cache memoize-one@https://registry.npmjs.org/memoize-one/-/memoize-one-5.2.1.tgz 0ms (cache hit)
npm http cache @react-native/gradle-plugin@https://registry.npmjs.org/@react-native/gradle-plugin/-/gradle-plugin-0.86.0.tgz 0ms (cache hit)
npm http cache hermes-compiler@https://registry.npmjs.org/hermes-compiler/-/hermes-compiler-250829098.0.14.tgz 0ms (cache hit)
npm http cache @react-native/community-cli-plugin@https://registry.npmjs.org/@react-native/community-cli-plugin/-/community-cli-plugin-0.86.0.tgz 0ms (cache hit)
npm http cache @react-native/js-polyfills@https://registry.npmjs.org/@react-native/js-polyfills/-/js-polyfills-0.86.0.tgz 0ms (cache hit)
npm http cache ansi-regex@https://registry.npmjs.org/ansi-regex/-/ansi-regex-5.0.1.tgz 0ms (cache hit)
npm http cache @react-native/assets-registry@https://registry.npmjs.org/@react-native/assets-registry/-/assets-registry-0.86.0.tgz 0ms (cache hit)
npm http cache semver@https://registry.npmjs.org/semver/-/semver-7.8.5.tgz 0ms (cache hit)
npm http cache abort-controller@https://registry.npmjs.org/abort-controller/-/abort-controller-3.0.0.tgz 0ms (cache hit)
npm http cache inherits@https://registry.npmjs.org/inherits/-/inherits-2.0.4.tgz 0ms (cache hit)
npm http cache split-on-first@https://registry.npmjs.org/split-on-first/-/split-on-first-1.1.0.tgz 0ms (cache hit)
npm http cache anser@https://registry.npmjs.org/anser/-/anser-1.4.10.tgz 0ms (cache hit)
npm http cache decode-uri-component@https://registry.npmjs.org/decode-uri-component/-/decode-uri-component-0.2.2.tgz 0ms (cache hit)
npm http cache filter-obj@https://registry.npmjs.org/filter-obj/-/filter-obj-1.1.0.tgz 0ms (cache hit)
npm http cache strict-uri-encode@https://registry.npmjs.org/strict-uri-encode/-/strict-uri-encode-2.0.0.tgz 0ms (cache hit)
npm http cache pngjs@https://registry.npmjs.org/pngjs/-/pngjs-3.4.0.tgz 0ms (cache hit)
npm http cache balanced-match@https://registry.npmjs.org/balanced-match/-/balanced-match-4.0.4.tgz 0ms (cache hit)
npm http cache ee-first@https://registry.npmjs.org/ee-first/-/ee-first-1.1.1.tgz 0ms (cache hit)
npm http cache mime-db@https://registry.npmjs.org/mime-db/-/mime-db-1.54.0.tgz 0ms (cache hit)
npm http cache brace-expansion@https://registry.npmjs.org/brace-expansion/-/brace-expansion-5.0.9.tgz 0ms (cache hit)
npm http cache fill-range@https://registry.npmjs.org/fill-range/-/fill-range-7.1.1.tgz 0ms (cache hit)
npm http cache vlq@https://registry.npmjs.org/vlq/-/vlq-1.0.1.tgz 0ms (cache hit)
npm http cache ob1@https://registry.npmjs.org/ob1/-/ob1-0.84.4.tgz 0ms (cache hit)
npm http cache to-regex-range@https://registry.npmjs.org/to-regex-range/-/to-regex-range-5.0.1.tgz 0ms (cache hit)
npm http cache terser@https://registry.npmjs.org/terser/-/terser-5.49.0.tgz 0ms (cache hit)
npm http cache commander@https://registry.npmjs.org/commander/-/commander-2.20.3.tgz 0ms (cache hit)
npm http cache node-int64@https://registry.npmjs.org/node-int64/-/node-int64-0.4.0.tgz 0ms (cache hit)
npm http cache braces@https://registry.npmjs.org/braces/-/braces-3.0.3.tgz 0ms (cache hit)
npm http cache micromatch@https://registry.npmjs.org/micromatch/-/micromatch-4.0.8.tgz 0ms (cache hit)
npm http cache walker@https://registry.npmjs.org/walker/-/walker-1.0.8.tgz 0ms (cache hit)
npm http cache bser@https://registry.npmjs.org/bser/-/bser-2.1.1.tgz 0ms (cache hit)
npm http cache fb-watchman@https://registry.npmjs.org/fb-watchman/-/fb-watchman-2.0.2.tgz 0ms (cache hit)
npm http cache leven@https://registry.npmjs.org/leven/-/leven-3.1.0.tgz 0ms (cache hit)
npm http cache jest-get-type@https://registry.npmjs.org/jest-get-type/-/jest-get-type-29.6.3.tgz 0ms (cache hit)
npm http cache yaml@https://registry.npmjs.org/yaml/-/yaml-2.9.0.tgz 0ms (cache hit)
npm http cache agent-base@https://registry.npmjs.org/agent-base/-/agent-base-7.1.4.tgz 0ms (cache hit)
npm http cache @types/yargs-parser@https://registry.npmjs.org/@types/yargs-parser/-/yargs-parser-21.0.3.tgz 0ms (cache hit)
npm http cache camelcase@https://registry.npmjs.org/camelcase/-/camelcase-6.3.0.tgz 0ms (cache hit)
npm http cache jest-validate@https://registry.npmjs.org/jest-validate/-/jest-validate-29.7.0.tgz 0ms (cache hit)
npm http cache @types/istanbul-lib-report@https://registry.npmjs.org/@types/istanbul-lib-report/-/istanbul-lib-report-3.0.3.tgz 0ms (cache hit)
npm http cache https-proxy-agent@https://registry.npmjs.org/https-proxy-agent/-/https-proxy-agent-7.0.6.tgz 0ms (cache hit)
npm http cache @types/yargs@https://registry.npmjs.org/@types/yargs/-/yargs-17.0.35.tgz 0ms (cache hit)
npm http cache exponential-backoff@https://registry.npmjs.org/exponential-backoff/-/exponential-backoff-3.1.3.tgz 0ms (cache hit)
npm http cache @types/istanbul-reports@https://registry.npmjs.org/@types/istanbul-reports/-/istanbul-reports-3.0.4.tgz 0ms (cache hit)
npm http cache @sinclair/typebox@https://registry.npmjs.org/@sinclair/typebox/-/typebox-0.27.12.tgz 0ms (cache hit)
npm http cache @types/istanbul-lib-coverage@https://registry.npmjs.org/@types/istanbul-lib-coverage/-/istanbul-lib-coverage-2.0.6.tgz 0ms (cache hit)
npm http cache @jest/types@https://registry.npmjs.org/@jest/types/-/types-29.6.3.tgz 0ms (cache hit)
npm http cache picomatch@https://registry.npmjs.org/picomatch/-/picomatch-2.3.2.tgz 0ms (cache hit)
npm http cache merge-stream@https://registry.npmjs.org/merge-stream/-/merge-stream-2.0.0.tgz 0ms (cache hit)
npm http cache @jest/schemas@https://registry.npmjs.org/@jest/schemas/-/schemas-29.6.3.tgz 0ms (cache hit)
npm http cache jest-util@https://registry.npmjs.org/jest-util/-/jest-util-29.7.0.tgz 0ms (cache hit)
npm http cache ci-info@https://registry.npmjs.org/ci-info/-/ci-info-3.9.0.tgz 0ms (cache hit)
npm http cache queue@https://registry.npmjs.org/queue/-/queue-6.0.2.tgz 0ms (cache hit)
npm http cache statuses@https://registry.npmjs.org/statuses/-/statuses-1.5.0.tgz 0ms (cache hit)
npm http cache unpipe@https://registry.npmjs.org/unpipe/-/unpipe-1.0.0.tgz 0ms (cache hit)
npm http cache escape-html@https://registry.npmjs.org/escape-html/-/escape-html-1.0.3.tgz 0ms (cache hit)
npm http cache on-finished@https://registry.npmjs.org/on-finished/-/on-finished-2.3.0.tgz 0ms (cache hit)
npm http cache encodeurl@https://registry.npmjs.org/encodeurl/-/encodeurl-1.0.2.tgz 0ms (cache hit)
npm http cache stackframe@https://registry.npmjs.org/stackframe/-/stackframe-1.3.4.tgz 0ms (cache hit)
npm http cache utils-merge@https://registry.npmjs.org/utils-merge/-/utils-merge-1.0.1.tgz 0ms (cache hit)
npm http cache parseurl@https://registry.npmjs.org/parseurl/-/parseurl-1.3.3.tgz 0ms (cache hit)
npm http cache finalhandler@https://registry.npmjs.org/finalhandler/-/finalhandler-1.1.2.tgz 0ms (cache hit)
npm http cache debug@https://registry.npmjs.org/debug/-/debug-2.6.9.tgz 0ms (cache hit)
npm http cache ms@https://registry.npmjs.org/ms/-/ms-2.0.0.tgz 0ms (cache hit)
npm http cache ws@https://registry.npmjs.org/ws/-/ws-7.5.13.tgz 0ms (cache hit)
npm http cache throat@https://registry.npmjs.org/throat/-/throat-5.0.0.tgz 0ms (cache hit)
npm http cache negotiator@https://registry.npmjs.org/negotiator/-/negotiator-1.0.0.tgz 0ms (cache hit)
npm http cache source-map@https://registry.npmjs.org/source-map/-/source-map-0.5.7.tgz 0ms (cache hit)
npm http cache serialize-error@https://registry.npmjs.org/serialize-error/-/serialize-error-2.1.0.tgz 0ms (cache hit)
npm http cache mime-types@https://registry.npmjs.org/mime-types/-/mime-types-3.0.2.tgz 0ms (cache hit)
npm http cache lodash.throttle@https://registry.npmjs.org/lodash.throttle/-/lodash.throttle-4.1.1.tgz 0ms (cache hit)
npm http cache jsc-safe-url@https://registry.npmjs.org/jsc-safe-url/-/jsc-safe-url-0.2.4.tgz 0ms (cache hit)
npm http cache image-size@https://registry.npmjs.org/image-size/-/image-size-1.2.1.tgz 0ms (cache hit)
npm http cache jest-worker@https://registry.npmjs.org/jest-worker/-/jest-worker-29.7.0.tgz 0ms (cache hit)
npm http cache supports-color@https://registry.npmjs.org/supports-color/-/supports-color-8.1.1.tgz 0ms (cache hit)
npm http cache graceful-fs@https://registry.npmjs.org/graceful-fs/-/graceful-fs-4.2.11.tgz 0ms (cache hit)
npm http cache ms@https://registry.npmjs.org/ms/-/ms-2.0.0.tgz 0ms (cache hit)
npm http cache flow-enums-runtime@https://registry.npmjs.org/flow-enums-runtime/-/flow-enums-runtime-0.0.6.tgz 0ms (cache hit)
npm http cache debug@https://registry.npmjs.org/debug/-/debug-2.6.9.tgz 0ms (cache hit)
npm http cache error-stack-parser@https://registry.npmjs.org/error-stack-parser/-/error-stack-parser-2.1.4.tgz 0ms (cache hit)
npm http cache connect@https://registry.npmjs.org/connect/-/connect-3.7.0.tgz 0ms (cache hit)
npm http cache accepts@https://registry.npmjs.org/accepts/-/accepts-2.0.0.tgz 0ms (cache hit)
npm http cache ci-info@https://registry.npmjs.org/ci-info/-/ci-info-2.0.0.tgz 0ms (cache hit)
npm http cache yallist@https://registry.npmjs.org/yallist/-/yallist-3.1.1.tgz 0ms (cache hit)
npm http cache is-plain-obj@https://registry.npmjs.org/is-plain-obj/-/is-plain-obj-2.1.0.tgz 0ms (cache hit)
npm http cache loose-envify@https://registry.npmjs.org/loose-envify/-/loose-envify-1.4.0.tgz 0ms (cache hit)
npm http cache hermes-estree@https://registry.npmjs.org/hermes-estree/-/hermes-estree-0.36.0.tgz 0ms (cache hit)
npm http cache @react-native/normalize-colors@https://registry.npmjs.org/@react-native/normalize-colors/-/normalize-colors-0.86.2.tgz 0ms (cache hit)
npm http cache path-scurry@https://registry.npmjs.org/path-scurry/-/path-scurry-2.0.2.tgz 0ms (cache hit)
npm http cache lru-cache@https://registry.npmjs.org/lru-cache/-/lru-cache-11.5.2.tgz 0ms (cache hit)
npm http cache @expo/image-utils@https://registry.npmjs.org/@expo/image-utils/-/image-utils-0.11.4.tgz 0ms (cache hit)
npm http cache semver@https://registry.npmjs.org/semver/-/semver-7.8.5.tgz 0ms (cache hit)
npm http cache minipass@https://registry.npmjs.org/minipass/-/minipass-7.1.3.tgz 0ms (cache hit)
npm http cache @expo/expo-modules-macros-plugin@https://registry.npmjs.org/@expo/expo-modules-macros-plugin/-/expo-modules-macros-plugin-0.6.1.tgz 0ms (cache hit)
npm http cache jimp-compact@https://registry.npmjs.org/jimp-compact/-/jimp-compact-0.16.1.tgz 0ms (cache hit)
npm http cache expo-modules-jsi@https://registry.npmjs.org/expo-modules-jsi/-/expo-modules-jsi-57.0.4.tgz 0ms (cache hit)
npm http cache parse-png@https://registry.npmjs.org/parse-png/-/parse-png-2.1.0.tgz 0ms (cache hit)
npm http cache shebang-command@https://registry.npmjs.org/shebang-command/-/shebang-command-2.0.0.tgz 0ms (cache hit)
npm http cache commander@https://registry.npmjs.org/commander/-/commander-7.2.0.tgz 0ms (cache hit)
npm http cache path-key@https://registry.npmjs.org/path-key/-/path-key-3.1.1.tgz 0ms (cache hit)
npm http cache which@https://registry.npmjs.org/which/-/which-2.0.2.tgz 0ms (cache hit)
npm http cache supports-color@https://registry.npmjs.org/supports-color/-/supports-color-7.2.0.tgz 0ms (cache hit)
npm http cache ansi-styles@https://registry.npmjs.org/ansi-styles/-/ansi-styles-4.3.0.tgz 0ms (cache hit)
npm http cache base64-js@https://registry.npmjs.org/base64-js/-/base64-js-1.5.1.tgz 0ms (cache hit)
npm http cache @xmldom/xmldom@https://registry.npmjs.org/@xmldom/xmldom/-/xmldom-0.8.13.tgz 0ms (cache hit)
npm http cache cross-spawn@https://registry.npmjs.org/cross-spawn/-/cross-spawn-7.0.6.tgz 0ms (cache hit)
npm http cache metro-transform-worker@https://registry.npmjs.org/metro-transform-worker/-/metro-transform-worker-0.84.4.tgz 0ms (cache hit)
npm http cache metro-transform-plugins@https://registry.npmjs.org/metro-transform-plugins/-/metro-transform-plugins-0.84.4.tgz 0ms (cache hit)
npm http cache metro-symbolicate@https://registry.npmjs.org/metro-symbolicate/-/metro-symbolicate-0.84.4.tgz 0ms (cache hit)
npm http cache xmlbuilder@https://registry.npmjs.org/xmlbuilder/-/xmlbuilder-15.1.1.tgz 0ms (cache hit)
npm http cache metro-runtime@https://registry.npmjs.org/metro-runtime/-/metro-runtime-0.84.4.tgz 0ms (cache hit)
npm http cache metro-source-map@https://registry.npmjs.org/metro-source-map/-/metro-source-map-0.84.4.tgz 0ms (cache hit)
npm http cache metro-file-map@https://registry.npmjs.org/metro-file-map/-/metro-file-map-0.84.4.tgz 0ms (cache hit)
npm http cache metro-core@https://registry.npmjs.org/metro-core/-/metro-core-0.84.4.tgz 0ms (cache hit)
npm http cache metro-minify-terser@https://registry.npmjs.org/metro-minify-terser/-/metro-minify-terser-0.84.4.tgz 0ms (cache hit)
npm http cache metro-resolver@https://registry.npmjs.org/metro-resolver/-/metro-resolver-0.84.4.tgz 0ms (cache hit)
npm http cache metro-config@https://registry.npmjs.org/metro-config/-/metro-config-0.84.4.tgz 0ms (cache hit)
npm http cache metro-cache-key@https://registry.npmjs.org/metro-cache-key/-/metro-cache-key-0.84.4.tgz 0ms (cache hit)
npm http cache hermes-estree@https://registry.npmjs.org/hermes-estree/-/hermes-estree-0.35.0.tgz 0ms (cache hit)
npm http cache metro-cache@https://registry.npmjs.org/metro-cache/-/metro-cache-0.84.4.tgz 0ms (cache hit)
npm http cache hermes-parser@https://registry.npmjs.org/hermes-parser/-/hermes-parser-0.35.0.tgz 0ms (cache hit)
npm http cache hermes-estree@https://registry.npmjs.org/hermes-estree/-/hermes-estree-0.35.0.tgz 0ms (cache hit)
npm http cache metro@https://registry.npmjs.org/metro/-/metro-0.84.4.tgz 0ms (cache hit)
npm http cache metro-babel-transformer@https://registry.npmjs.org/metro-babel-transformer/-/metro-babel-transformer-0.84.4.tgz 0ms (cache hit)
npm http cache hermes-parser@https://registry.npmjs.org/hermes-parser/-/hermes-parser-0.35.0.tgz 0ms (cache hit)
npm http cache minimatch@https://registry.npmjs.org/minimatch/-/minimatch-10.2.6.tgz 0ms (cache hit)
npm http cache resolve-from@https://registry.npmjs.org/resolve-from/-/resolve-from-5.0.0.tgz 0ms (cache hit)
npm http cache @expo/spawn-async@https://registry.npmjs.org/@expo/spawn-async/-/spawn-async-1.8.0.tgz 0ms (cache hit)
npm http cache @expo/env@https://registry.npmjs.org/@expo/env/-/env-2.4.2.tgz 0ms (cache hit)
npm http cache ignore@https://registry.npmjs.org/ignore/-/ignore-5.3.2.tgz 0ms (cache hit)
npm http cache arg@https://registry.npmjs.org/arg/-/arg-5.0.2.tgz 0ms (cache hit)
npm http cache xmlbuilder@https://registry.npmjs.org/xmlbuilder/-/xmlbuilder-11.0.1.tgz 0ms (cache hit)
npm http cache @expo/sdk-runtime-versions@https://registry.npmjs.org/@expo/sdk-runtime-versions/-/sdk-runtime-versions-1.0.0.tgz 0ms (cache hit)
npm http cache xml2js@https://registry.npmjs.org/xml2js/-/xml2js-0.6.0.tgz 0ms (cache hit)
npm http cache @expo/plist@https://registry.npmjs.org/@expo/plist/-/plist-0.8.1.tgz 0ms (cache hit)
npm http cache xcode@https://registry.npmjs.org/xcode/-/xcode-3.0.1.tgz 0ms (cache hit)
npm http cache chalk@https://registry.npmjs.org/chalk/-/chalk-4.1.2.tgz 0ms (cache hit)
npm http cache glob@https://registry.npmjs.org/glob/-/glob-13.0.6.tgz 0ms (cache hit)
npm http cache slugify@https://registry.npmjs.org/slugify/-/slugify-1.6.9.tgz 0ms (cache hit)
npm http cache getenv@https://registry.npmjs.org/getenv/-/getenv-2.0.0.tgz 0ms (cache hit)
npm http cache resolve-workspace-root@https://registry.npmjs.org/resolve-workspace-root/-/resolve-workspace-root-2.0.1.tgz 0ms (cache hit)
npm http cache pretty-format@https://registry.npmjs.org/pretty-format/-/pretty-format-29.7.0.tgz 0ms (cache hit)
npm http cache deepmerge@https://registry.npmjs.org/deepmerge/-/deepmerge-4.3.1.tgz 0ms (cache hit)
npm http cache whatwg-url-minimum@https://registry.npmjs.org/whatwg-url-minimum/-/whatwg-url-minimum-0.1.2.tgz 0ms (cache hit)
npm http cache react-is@https://registry.npmjs.org/react-is/-/react-is-18.3.1.tgz 0ms (cache hit)
npm http cache ansi-styles@https://registry.npmjs.org/ansi-styles/-/ansi-styles-5.2.0.tgz 0ms (cache hit)
npm http cache expo-modules-core@https://registry.npmjs.org/expo-modules-core/-/expo-modules-core-57.0.8.tgz 0ms (cache hit)
npm http cache @expo/require-utils@https://registry.npmjs.org/@expo/require-utils/-/require-utils-57.0.4.tgz 0ms (cache hit)
npm http cache expo-modules-autolinking@https://registry.npmjs.org/expo-modules-autolinking/-/expo-modules-autolinking-57.0.9.tgz 0ms (cache hit)
npm http cache @expo/json-file@https://registry.npmjs.org/@expo/json-file/-/json-file-11.0.1.tgz 0ms (cache hit)
npm http cache @ungap/structured-clone@https://registry.npmjs.org/@ungap/structured-clone/-/structured-clone-1.3.3.tgz 0ms (cache hit)
npm http cache @expo/config-types@https://registry.npmjs.org/@expo/config-types/-/config-types-57.0.2.tgz 0ms (cache hit)
npm http cache @expo/local-build-cache-provider@https://registry.npmjs.org/@expo/local-build-cache-provider/-/local-build-cache-provider-57.0.5.tgz 0ms (cache hit)
npm http cache @expo/metro@https://registry.npmjs.org/@expo/metro/-/metro-56.0.0.tgz 0ms (cache hit)
npm http cache @expo/fingerprint@https://registry.npmjs.org/@expo/fingerprint/-/fingerprint-0.20.6.tgz 0ms (cache hit)
npm http cache semver@https://registry.npmjs.org/semver/-/semver-7.8.5.tgz 0ms (cache hit)
npm http cache semver@https://registry.npmjs.org/semver/-/semver-7.8.5.tgz 0ms (cache hit)
npm http cache @expo/devtools@https://registry.npmjs.org/@expo/devtools/-/devtools-57.0.1.tgz 0ms (cache hit)
npm http cache semver@https://registry.npmjs.org/semver/-/semver-7.8.5.tgz 0ms (cache hit)
npm http cache @expo/config@https://registry.npmjs.org/@expo/config/-/config-57.0.6.tgz 0ms (cache hit)
npm http cache @expo/config-plugins@https://registry.npmjs.org/@expo/config-plugins/-/config-plugins-57.0.6.tgz 0ms (cache hit)
npm http cache ms@https://registry.npmjs.org/ms/-/ms-2.1.3.tgz 0ms (cache hit)
npm http cache @babel/runtime@https://registry.npmjs.org/@babel/runtime/-/runtime-7.29.7.tgz 0ms (cache hit)
npm http cache simple-swizzle@https://registry.npmjs.org/simple-swizzle/-/simple-swizzle-0.2.4.tgz 0ms (cache hit)
npm http cache color-name@https://registry.npmjs.org/color-name/-/color-name-1.1.4.tgz 0ms (cache hit)
npm http cache color-string@https://registry.npmjs.org/color-string/-/color-string-1.9.1.tgz 0ms (cache hit)
npm http cache node-releases@https://registry.npmjs.org/node-releases/-/node-releases-2.0.51.tgz 0ms (cache hit)
npm http cache caniuse-lite@https://registry.npmjs.org/caniuse-lite/-/caniuse-lite-1.0.30001806.tgz 0ms (cache hit)
npm http cache color-convert@https://registry.npmjs.org/color-convert/-/color-convert-2.0.1.tgz 0ms (cache hit)
npm http cache update-browserslist-db@https://registry.npmjs.org/update-browserslist-db/-/update-browserslist-db-1.2.3.tgz 0ms (cache hit)
npm http cache baseline-browser-mapping@https://registry.npmjs.org/baseline-browser-mapping/-/baseline-browser-mapping-2.11.8.tgz 0ms (cache hit)
npm http cache core-js-compat@https://registry.npmjs.org/core-js-compat/-/core-js-compat-3.49.0.tgz 0ms (cache hit)
npm http cache electron-to-chromium@https://registry.npmjs.org/electron-to-chromium/-/electron-to-chromium-1.5.399.tgz 0ms (cache hit)
npm http cache @babel/helper-define-polyfill-provider@https://registry.npmjs.org/@babel/helper-define-polyfill-provider/-/helper-define-polyfill-provider-0.6.8.tgz 0ms (cache hit)
npm http cache lodash.debounce@https://registry.npmjs.org/lodash.debounce/-/lodash.debounce-4.0.8.tgz 0ms (cache hit)
npm http cache resolve@https://registry.npmjs.org/resolve/-/resolve-1.22.12.tgz 0ms (cache hit)
npm http cache picomatch@https://registry.npmjs.org/picomatch/-/picomatch-4.0.5.tgz 0ms (cache hit)
npm http cache yargs@https://registry.npmjs.org/yargs/-/yargs-17.7.3.tgz 0ms (cache hit)
npm http cache tinyglobby@https://registry.npmjs.org/tinyglobby/-/tinyglobby-0.2.17.tgz 0ms (cache hit)
npm http cache @react-native/codegen@https://registry.npmjs.org/@react-native/codegen/-/codegen-0.86.2.tgz 0ms (cache hit)
npm http cache @jridgewell/resolve-uri@https://registry.npmjs.org/@jridgewell/resolve-uri/-/resolve-uri-3.1.2.tgz 0ms (cache hit)
npm http cache fdir@https://registry.npmjs.org/fdir/-/fdir-6.5.0.tgz 0ms (cache hit)
npm http cache nullthrows@https://registry.npmjs.org/nullthrows/-/nullthrows-1.1.1.tgz 0ms (cache hit)
npm http cache invariant@https://registry.npmjs.org/invariant/-/invariant-2.2.4.tgz 0ms (cache hit)
npm http cache @babel/plugin-syntax-typescript@https://registry.npmjs.org/@babel/plugin-syntax-typescript/-/plugin-syntax-typescript-7.29.7.tgz 0ms (cache hit)
npm http cache hermes-parser@https://registry.npmjs.org/hermes-parser/-/hermes-parser-0.36.0.tgz 0ms (cache hit)
npm http cache @jridgewell/sourcemap-codec@https://registry.npmjs.org/@jridgewell/sourcemap-codec/-/sourcemap-codec-1.5.5.tgz 0ms (cache hit)
npm http cache @babel/helper-string-parser@https://registry.npmjs.org/@babel/helper-string-parser/-/helper-string-parser-7.29.7.tgz 0ms (cache hit)
npm http cache @babel/plugin-syntax-jsx@https://registry.npmjs.org/@babel/plugin-syntax-jsx/-/plugin-syntax-jsx-7.29.7.tgz 0ms (cache hit)
npm http cache babel-plugin-polyfill-regenerator@https://registry.npmjs.org/babel-plugin-polyfill-regenerator/-/babel-plugin-polyfill-regenerator-0.6.8.tgz 0ms (cache hit)
npm http cache babel-plugin-polyfill-corejs3@https://registry.npmjs.org/babel-plugin-polyfill-corejs3/-/babel-plugin-polyfill-corejs3-0.13.0.tgz 0ms (cache hit)
npm http cache regexpu-core@https://registry.npmjs.org/regexpu-core/-/regexpu-core-6.4.0.tgz 0ms (cache hit)
npm http cache @babel/plugin-syntax-flow@https://registry.npmjs.org/@babel/plugin-syntax-flow/-/plugin-syntax-flow-7.29.7.tgz 0ms (cache hit)
npm http cache babel-plugin-polyfill-corejs2@https://registry.npmjs.org/babel-plugin-polyfill-corejs2/-/babel-plugin-polyfill-corejs2-0.4.17.tgz 0ms (cache hit)
npm http cache @babel/helper-wrap-function@https://registry.npmjs.org/@babel/helper-wrap-function/-/helper-wrap-function-7.29.7.tgz 0ms (cache hit)
npm http cache @babel/helper-skip-transparent-expression-wrappers@https://registry.npmjs.org/@babel/helper-skip-transparent-expression-wrappers/-/helper-skip-transparent-expression-wrappers-7.29.7.tgz 0ms (cache hit)
npm http cache @babel/helper-globals@https://registry.npmjs.org/@babel/helper-globals/-/helper-globals-7.29.7.tgz 0ms (cache hit)
npm http cache @babel/helper-remap-async-to-generator@https://registry.npmjs.org/@babel/helper-remap-async-to-generator/-/helper-remap-async-to-generator-7.29.7.tgz 0ms (cache hit)
npm http cache @babel/helper-create-regexp-features-plugin@https://registry.npmjs.org/@babel/helper-create-regexp-features-plugin/-/helper-create-regexp-features-plugin-7.29.7.tgz 0ms (cache hit)
npm http cache @babel/helper-optimise-call-expression@https://registry.npmjs.org/@babel/helper-optimise-call-expression/-/helper-optimise-call-expression-7.29.7.tgz 0ms (cache hit)
npm http cache @babel/helper-replace-supers@https://registry.npmjs.org/@babel/helper-replace-supers/-/helper-replace-supers-7.29.7.tgz 1ms (cache hit)
npm http cache @babel/helper-member-expression-to-functions@https://registry.npmjs.org/@babel/helper-member-expression-to-functions/-/helper-member-expression-to-functions-7.29.7.tgz 0ms (cache hit)
npm http cache lru-cache@https://registry.npmjs.org/lru-cache/-/lru-cache-5.1.1.tgz 0ms (cache hit)
npm http cache @babel/helper-plugin-utils@https://registry.npmjs.org/@babel/helper-plugin-utils/-/helper-plugin-utils-7.29.7.tgz 0ms (cache hit)
npm http cache @babel/plugin-syntax-decorators@https://registry.npmjs.org/@babel/plugin-syntax-decorators/-/plugin-syntax-decorators-7.29.7.tgz 0ms (cache hit)
npm http cache @babel/helper-annotate-as-pure@https://registry.npmjs.org/@babel/helper-annotate-as-pure/-/helper-annotate-as-pure-7.29.7.tgz 0ms (cache hit)
npm http cache @babel/helper-create-class-features-plugin@https://registry.npmjs.org/@babel/helper-create-class-features-plugin/-/helper-create-class-features-plugin-7.29.7.tgz 0ms (cache hit)
npm http cache browserslist@https://registry.npmjs.org/browserslist/-/browserslist-4.28.7.tgz 0ms (cache hit)
npm http cache jsesc@https://registry.npmjs.org/jsesc/-/jsesc-3.1.0.tgz 0ms (cache hit)
npm http cache @babel/helper-validator-option@https://registry.npmjs.org/@babel/helper-validator-option/-/helper-validator-option-7.29.7.tgz 0ms (cache hit)
npm http cache @babel/compat-data@https://registry.npmjs.org/@babel/compat-data/-/compat-data-7.29.7.tgz 0ms (cache hit)
npm http cache @jridgewell/trace-mapping@https://registry.npmjs.org/@jridgewell/trace-mapping/-/trace-mapping-0.3.31.tgz 0ms (cache hit)
npm http cache @babel/helper-validator-identifier@https://registry.npmjs.org/@babel/helper-validator-identifier/-/helper-validator-identifier-7.29.7.tgz 0ms (cache hit)
npm http cache @jridgewell/gen-mapping@https://registry.npmjs.org/@jridgewell/gen-mapping/-/gen-mapping-0.3.13.tgz 0ms (cache hit)
npm http cache picocolors@https://registry.npmjs.org/picocolors/-/picocolors-1.1.1.tgz 0ms (cache hit)
npm http cache js-tokens@https://registry.npmjs.org/js-tokens/-/js-tokens-4.0.0.tgz 0ms (cache hit)
npm http cache semver@https://registry.npmjs.org/semver/-/semver-6.3.1.tgz 0ms (cache hit)
npm http cache gensync@https://registry.npmjs.org/gensync/-/gensync-1.0.0-beta.2.tgz 0ms (cache hit)
npm http cache json5@https://registry.npmjs.org/json5/-/json5-2.2.3.tgz 0ms (cache hit)
npm http cache convert-source-map@https://registry.npmjs.org/convert-source-map/-/convert-source-map-2.0.0.tgz 0ms (cache hit)
npm http cache @babel/types@https://registry.npmjs.org/@babel/types/-/types-7.29.7.tgz 0ms (cache hit)
npm http cache @babel/traverse@https://registry.npmjs.org/@babel/traverse/-/traverse-7.29.7.tgz 0ms (cache hit)
npm http cache @jridgewell/remapping@https://registry.npmjs.org/@jridgewell/remapping/-/remapping-2.3.5.tgz 0ms (cache hit)
npm http cache @babel/template@https://registry.npmjs.org/@babel/template/-/template-7.29.7.tgz 0ms (cache hit)
npm http cache @babel/parser@https://registry.npmjs.org/@babel/parser/-/parser-7.29.7.tgz 0ms (cache hit)
npm http cache @babel/helpers@https://registry.npmjs.org/@babel/helpers/-/helpers-7.29.7.tgz 0ms (cache hit)
npm http cache @babel/helper-compilation-targets@https://registry.npmjs.org/@babel/helper-compilation-targets/-/helper-compilation-targets-7.29.7.tgz 0ms (cache hit)
npm http cache @babel/code-frame@https://registry.npmjs.org/@babel/code-frame/-/code-frame-7.29.7.tgz 0ms (cache hit)
npm http cache @babel/helper-module-transforms@https://registry.npmjs.org/@babel/helper-module-transforms/-/helper-module-transforms-7.29.7.tgz 0ms (cache hit)
npm http cache debug@https://registry.npmjs.org/debug/-/debug-4.4.3.tgz 0ms (cache hit)
npm http cache hermes-estree@https://registry.npmjs.org/hermes-estree/-/hermes-estree-0.36.1.tgz 0ms (cache hit)
npm http cache hermes-parser@https://registry.npmjs.org/hermes-parser/-/hermes-parser-0.36.1.tgz 0ms (cache hit)
npm http cache babel-plugin-transform-flow-enums@https://registry.npmjs.org/babel-plugin-transform-flow-enums/-/babel-plugin-transform-flow-enums-0.0.2.tgz 0ms (cache hit)
npm http cache @react-native/babel-plugin-codegen@https://registry.npmjs.org/@react-native/babel-plugin-codegen/-/babel-plugin-codegen-0.86.2.tgz 0ms (cache hit)
npm http cache babel-plugin-syntax-hermes-parser@https://registry.npmjs.org/babel-plugin-syntax-hermes-parser/-/babel-plugin-syntax-hermes-parser-0.36.1.tgz 0ms (cache hit)
npm http cache babel-plugin-react-native-web@https://registry.npmjs.org/babel-plugin-react-native-web/-/babel-plugin-react-native-web-0.21.2.tgz 0ms (cache hit)
npm http cache @babel/preset-typescript@https://registry.npmjs.org/@babel/preset-typescript/-/preset-typescript-7.29.7.tgz 0ms (cache hit)
npm http cache babel-plugin-react-compiler@https://registry.npmjs.org/babel-plugin-react-compiler/-/babel-plugin-react-compiler-1.0.0.tgz 0ms (cache hit)
npm http cache @babel/plugin-transform-typescript@https://registry.npmjs.org/@babel/plugin-transform-typescript/-/plugin-transform-typescript-7.29.7.tgz 0ms (cache hit)
npm http cache @babel/plugin-transform-unicode-regex@https://registry.npmjs.org/@babel/plugin-transform-unicode-regex/-/plugin-transform-unicode-regex-7.29.7.tgz 0ms (cache hit)
npm http cache @babel/plugin-transform-react-pure-annotations@https://registry.npmjs.org/@babel/plugin-transform-react-pure-annotations/-/plugin-transform-react-pure-annotations-7.29.7.tgz 0ms (cache hit)
npm http cache @babel/plugin-transform-runtime@https://registry.npmjs.org/@babel/plugin-transform-runtime/-/plugin-transform-runtime-7.29.7.tgz 0ms (cache hit)
npm http cache @babel/plugin-transform-react-jsx-development@https://registry.npmjs.org/@babel/plugin-transform-react-jsx-development/-/plugin-transform-react-jsx-development-7.29.7.tgz 0ms (cache hit)
npm http cache @babel/plugin-transform-react-display-name@https://registry.npmjs.org/@babel/plugin-transform-react-display-name/-/plugin-transform-react-display-name-7.29.7.tgz 0ms (cache hit)
npm http cache @babel/plugin-transform-private-methods@https://registry.npmjs.org/@babel/plugin-transform-private-methods/-/plugin-transform-private-methods-7.29.7.tgz 0ms (cache hit)
npm http cache @babel/plugin-transform-optional-chaining@https://registry.npmjs.org/@babel/plugin-transform-optional-chaining/-/plugin-transform-optional-chaining-7.29.7.tgz 0ms (cache hit)
npm http cache @babel/plugin-transform-private-property-in-object@https://registry.npmjs.org/@babel/plugin-transform-private-property-in-object/-/plugin-transform-private-property-in-object-7.29.7.tgz 0ms (cache hit)
npm http cache @babel/plugin-transform-optional-catch-binding@https://registry.npmjs.org/@babel/plugin-transform-optional-catch-binding/-/plugin-transform-optional-catch-binding-7.29.7.tgz 0ms (cache hit)
npm http cache @babel/plugin-transform-react-jsx@https://registry.npmjs.org/@babel/plugin-transform-react-jsx/-/plugin-transform-react-jsx-7.29.7.tgz 0ms (cache hit)
npm http cache @babel/plugin-transform-named-capturing-groups-regex@https://registry.npmjs.org/@babel/plugin-transform-named-capturing-groups-regex/-/plugin-transform-named-capturing-groups-regex-7.29.7.tgz 0ms (cache hit)
npm http cache @babel/plugin-transform-object-rest-spread@https://registry.npmjs.org/@babel/plugin-transform-object-rest-spread/-/plugin-transform-object-rest-spread-7.29.7.tgz 0ms (cache hit)
npm http cache @babel/plugin-transform-modules-commonjs@https://registry.npmjs.org/@babel/plugin-transform-modules-commonjs/-/plugin-transform-modules-commonjs-7.29.7.tgz 0ms (cache hit)
npm http cache @babel/plugin-transform-logical-assignment-operators@https://registry.npmjs.org/@babel/plugin-transform-logical-assignment-operators/-/plugin-transform-logical-assignment-operators-7.29.7.tgz 0ms (cache hit)
npm http cache @babel/plugin-transform-for-of@https://registry.npmjs.org/@babel/plugin-transform-for-of/-/plugin-transform-for-of-7.29.7.tgz 0ms (cache hit)
npm http cache @babel/plugin-transform-flow-strip-types@https://registry.npmjs.org/@babel/plugin-transform-flow-strip-types/-/plugin-transform-flow-strip-types-7.29.7.tgz 0ms (cache hit)
npm http cache @babel/plugin-transform-export-namespace-from@https://registry.npmjs.org/@babel/plugin-transform-export-namespace-from/-/plugin-transform-export-namespace-from-7.29.7.tgz 0ms (cache hit)
npm http cache @babel/plugin-transform-nullish-coalescing-operator@https://registry.npmjs.org/@babel/plugin-transform-nullish-coalescing-operator/-/plugin-transform-nullish-coalescing-operator-7.29.7.tgz 0ms (cache hit)
npm http cache @babel/plugin-transform-destructuring@https://registry.npmjs.org/@babel/plugin-transform-destructuring/-/plugin-transform-destructuring-7.29.7.tgz 0ms (cache hit)
npm http cache @babel/plugin-transform-parameters@https://registry.npmjs.org/@babel/plugin-transform-parameters/-/plugin-transform-parameters-7.29.7.tgz 0ms (cache hit)
npm http cache @babel/plugin-transform-classes@https://registry.npmjs.org/@babel/plugin-transform-classes/-/plugin-transform-classes-7.29.7.tgz 0ms (cache hit)
npm http cache @babel/plugin-transform-class-static-block@https://registry.npmjs.org/@babel/plugin-transform-class-static-block/-/plugin-transform-class-static-block-7.29.7.tgz 0ms (cache hit)
npm http cache @babel/plugin-transform-class-properties@https://registry.npmjs.org/@babel/plugin-transform-class-properties/-/plugin-transform-class-properties-7.29.7.tgz 0ms (cache hit)
npm http cache @babel/plugin-transform-async-generator-functions@https://registry.npmjs.org/@babel/plugin-transform-async-generator-functions/-/plugin-transform-async-generator-functions-7.29.7.tgz 0ms (cache hit)
npm http cache @babel/plugin-transform-async-to-generator@https://registry.npmjs.org/@babel/plugin-transform-async-to-generator/-/plugin-transform-async-to-generator-7.29.7.tgz 0ms (cache hit)
npm http cache @babel/plugin-syntax-optional-chaining@https://registry.npmjs.org/@babel/plugin-syntax-optional-chaining/-/plugin-syntax-optional-chaining-7.8.3.tgz 0ms (cache hit)
npm http cache @babel/plugin-transform-block-scoping@https://registry.npmjs.org/@babel/plugin-transform-block-scoping/-/plugin-transform-block-scoping-7.29.7.tgz 0ms (cache hit)
npm http cache @babel/plugin-syntax-nullish-coalescing-operator@https://registry.npmjs.org/@babel/plugin-syntax-nullish-coalescing-operator/-/plugin-syntax-nullish-coalescing-operator-7.8.3.tgz 0ms (cache hit)
npm http cache @babel/plugin-syntax-export-default-from@https://registry.npmjs.org/@babel/plugin-syntax-export-default-from/-/plugin-syntax-export-default-from-7.29.7.tgz 0ms (cache hit)
npm http cache @babel/plugin-syntax-dynamic-import@https://registry.npmjs.org/@babel/plugin-syntax-dynamic-import/-/plugin-syntax-dynamic-import-7.8.3.tgz 0ms (cache hit)
npm http cache @babel/core@https://registry.npmjs.org/@babel/core/-/core-7.29.7.tgz 0ms (cache hit)
npm http cache csstype@https://registry.npmjs.org/csstype/-/csstype-3.2.3.tgz 0ms (cache hit)
npm http cache undici-types@https://registry.npmjs.org/undici-types/-/undici-types-6.21.0.tgz 0ms (cache hit)
npm http cache @babel/plugin-proposal-export-default-from@https://registry.npmjs.org/@babel/plugin-proposal-export-default-from/-/plugin-proposal-export-default-from-7.29.7.tgz 0ms (cache hit)
npm http cache @babel/plugin-proposal-decorators@https://registry.npmjs.org/@babel/plugin-proposal-decorators/-/plugin-proposal-decorators-7.29.7.tgz 0ms (cache hit)
npm http cache warn-once@https://registry.npmjs.org/warn-once/-/warn-once-0.1.1.tgz 0ms (cache hit)
npm http cache @react-navigation/routers@https://registry.npmjs.org/@react-navigation/routers/-/routers-7.6.4.tgz 0ms (cache hit)
npm http cache @babel/helper-module-imports@https://registry.npmjs.org/@babel/helper-module-imports/-/helper-module-imports-7.29.7.tgz 0ms (cache hit)
npm http cache @babel/generator@https://registry.npmjs.org/@babel/generator/-/generator-7.29.7.tgz 0ms (cache hit)
npm http cache react-is@https://registry.npmjs.org/react-is/-/react-is-19.2.8.tgz 0ms (cache hit)
npm http cache query-string@https://registry.npmjs.org/query-string/-/query-string-7.1.3.tgz 0ms (cache hit)
npm http cache standard-navigation@https://registry.npmjs.org/standard-navigation/-/standard-navigation-0.0.8.tgz 0ms (cache hit)
npm http cache nanoid@https://registry.npmjs.org/nanoid/-/nanoid-3.3.16.tgz 0ms (cache hit)
npm http cache fast-deep-equal@https://registry.npmjs.org/fast-deep-equal/-/fast-deep-equal-3.1.3.tgz 0ms (cache hit)
npm http cache @react-navigation/core@https://registry.npmjs.org/@react-navigation/core/-/core-7.21.11.tgz 0ms (cache hit)
npm http cache escape-string-regexp@https://registry.npmjs.org/escape-string-regexp/-/escape-string-regexp-4.0.0.tgz 0ms (cache hit)
npm http cache use-sync-external-store@https://registry.npmjs.org/use-sync-external-store/-/use-sync-external-store-1.6.0.tgz 0ms (cache hit)
npm http cache use-latest-callback@https://registry.npmjs.org/use-latest-callback/-/use-latest-callback-0.2.6.tgz 0ms (cache hit)
npm http cache typescript@https://registry.npmjs.org/typescript/-/typescript-5.9.3.tgz 0ms (cache hit)
npm http cache @react-navigation/elements@https://registry.npmjs.org/@react-navigation/elements/-/elements-2.9.36.tgz 0ms (cache hit)
npm http cache sf-symbols-typescript@https://registry.npmjs.org/sf-symbols-typescript/-/sf-symbols-typescript-2.2.0.tgz 0ms (cache hit)
npm http cache merge-options@https://registry.npmjs.org/merge-options/-/merge-options-3.0.4.tgz 0ms (cache hit)
npm http cache color@https://registry.npmjs.org/color/-/color-4.2.3.tgz 0ms (cache hit)
npm http cache expo-system-ui@https://registry.npmjs.org/expo-system-ui/-/expo-system-ui-57.0.2.tgz 0ms (cache hit)
npm http cache expo-web-browser@https://registry.npmjs.org/expo-web-browser/-/expo-web-browser-57.0.2.tgz 0ms (cache hit)
npm http cache react-native-gesture-handler@https://registry.npmjs.org/react-native-gesture-handler/-/react-native-gesture-handler-2.32.0.tgz 0ms (cache hit)
npm http cache expo-status-bar@https://registry.npmjs.org/expo-status-bar/-/expo-status-bar-57.0.1.tgz 0ms (cache hit)
npm http cache expo-splash-screen@https://registry.npmjs.org/expo-splash-screen/-/expo-splash-screen-57.0.5.tgz 0ms (cache hit)
npm http cache expo-sharing@https://registry.npmjs.org/expo-sharing/-/expo-sharing-57.0.8.tgz 0ms (cache hit)
npm http cache expo-haptics@https://registry.npmjs.org/expo-haptics/-/expo-haptics-57.0.1.tgz 0ms (cache hit)
npm http cache expo-constants@https://registry.npmjs.org/expo-constants/-/expo-constants-57.0.8.tgz 0ms (cache hit)
npm http cache expo-linking@https://registry.npmjs.org/expo-linking/-/expo-linking-57.0.4.tgz 0ms (cache hit)
npm http cache expo-clipboard@https://registry.npmjs.org/expo-clipboard/-/expo-clipboard-57.0.1.tgz 0ms (cache hit)
npm http cache expo@https://registry.npmjs.org/expo/-/expo-57.0.9.tgz 0ms (cache hit)
npm http cache mime-db@https://registry.npmjs.org/mime-db/-/mime-db-1.52.0.tgz 0ms (cache hit)
npm http cache @react-native/debugger-frontend@https://registry.npmjs.org/@react-native/debugger-frontend/-/debugger-frontend-0.86.2.tgz 0ms (cache hit)
npm http cache mime-types@https://registry.npmjs.org/mime-types/-/mime-types-2.1.35.tgz 0ms (cache hit)
npm http cache negotiator@https://registry.npmjs.org/negotiator/-/negotiator-0.6.3.tgz 0ms (cache hit)
npm http cache @react-native/debugger-shell@https://registry.npmjs.org/@react-native/debugger-shell/-/debugger-shell-0.86.2.tgz 0ms (cache hit)
npm http cache semver@https://registry.npmjs.org/semver/-/semver-7.8.5.tgz 0ms (cache hit)
npm http cache picomatch@https://registry.npmjs.org/picomatch/-/picomatch-4.0.5.tgz 0ms (cache hit)
npm http cache @react-native/dev-middleware@https://registry.npmjs.org/@react-native/dev-middleware/-/dev-middleware-0.86.2.tgz 0ms (cache hit)
npm http cache ws@https://registry.npmjs.org/ws/-/ws-7.5.13.tgz 0ms (cache hit)
npm http cache @expo/ws-tunnel@https://registry.npmjs.org/@expo/ws-tunnel/-/ws-tunnel-2.0.0.tgz 0ms (cache hit)
npm http cache accepts@https://registry.npmjs.org/accepts/-/accepts-1.3.8.tgz 0ms (cache hit)
npm http cache ci-info@https://registry.npmjs.org/ci-info/-/ci-info-3.9.0.tgz 0ms (cache hit)
npm http cache ws@https://registry.npmjs.org/ws/-/ws-8.21.1.tgz 0ms (cache hit)
npm http cache react-refresh@https://registry.npmjs.org/react-refresh/-/react-refresh-0.14.2.tgz 0ms (cache hit)
npm http cache expo-font@https://registry.npmjs.org/expo-font/-/expo-font-57.0.1.tgz 0ms (cache hit)
npm http cache expo-asset@https://registry.npmjs.org/expo-asset/-/expo-asset-57.0.8.tgz 0ms (cache hit)
npm http cache expo-keep-awake@https://registry.npmjs.org/expo-keep-awake/-/expo-keep-awake-57.0.1.tgz 0ms (cache hit)
npm http cache @expo/metro-config@https://registry.npmjs.org/@expo/metro-config/-/metro-config-57.0.7.tgz 0ms (cache hit)
npm http cache expo-file-system@https://registry.npmjs.org/expo-file-system/-/expo-file-system-57.0.1.tgz 0ms (cache hit)
npm http cache @expo/log-box@https://registry.npmjs.org/@expo/log-box/-/log-box-57.0.2.tgz 0ms (cache hit)
npm http cache @expo/cli@https://registry.npmjs.org/@expo/cli/-/cli-57.0.11.tgz 0ms (cache hit)
npm http cache @expo/dom-webview@https://registry.npmjs.org/@expo/dom-webview/-/dom-webview-57.0.1.tgz 0ms (cache hit)
npm http cache @expo/router-server@https://registry.npmjs.org/@expo/router-server/-/router-server-57.0.4.tgz 0ms (cache hit)
npm http cache react-refresh@https://registry.npmjs.org/react-refresh/-/react-refresh-0.18.0.tgz 0ms (cache hit)
npm http cache babel-preset-expo@https://registry.npmjs.org/babel-preset-expo/-/babel-preset-expo-57.0.5.tgz 0ms (cache hit)
npm http cache react-native-safe-area-context@https://registry.npmjs.org/react-native-safe-area-context/-/react-native-safe-area-context-5.7.0.tgz 0ms (cache hit)
npm http cache @react-navigation/native-stack@https://registry.npmjs.org/@react-navigation/native-stack/-/native-stack-7.18.6.tgz 0ms (cache hit)
npm http cache react-native-screens@https://registry.npmjs.org/react-native-screens/-/react-native-screens-4.26.2.tgz 0ms (cache hit)
npm http cache @types/node@https://registry.npmjs.org/@types/node/-/node-22.20.1.tgz 0ms (cache hit)
npm http cache @react-navigation/native@https://registry.npmjs.org/@react-navigation/native/-/native-7.3.14.tgz 0ms (cache hit)
npm http cache @types/react@https://registry.npmjs.org/@types/react/-/react-19.1.17.tgz 0ms (cache hit)
npm http cache @react-navigation/bottom-tabs@https://registry.npmjs.org/@react-navigation/bottom-tabs/-/bottom-tabs-7.18.14.tgz 0ms (cache hit)
npm http cache react@https://registry.npmjs.org/react/-/react-19.2.3.tgz 0ms (cache hit)
npm http cache semver@https://registry.npmjs.org/semver/-/semver-7.8.5.tgz 0ms (cache hit)
npm http cache react-native@https://registry.npmjs.org/react-native/-/react-native-0.86.0.tgz 0ms (cache hit)
npm http cache react-refresh@https://registry.npmjs.org/react-refresh/-/react-refresh-0.14.2.tgz 0ms (cache hit)
npm http cache @react-native/virtualized-lists@https://registry.npmjs.org/@react-native/virtualized-lists/-/virtualized-lists-0.86.0.tgz 0ms (cache hit)
npm http cache commander@https://registry.npmjs.org/commander/-/commander-12.1.0.tgz 0ms (cache hit)
npm http cache babel-plugin-syntax-hermes-parser@https://registry.npmjs.org/babel-plugin-syntax-hermes-parser/-/babel-plugin-syntax-hermes-parser-0.36.0.tgz 0ms (cache hit)
npm http cache @react-native/normalize-colors@https://registry.npmjs.org/@react-native/normalize-colors/-/normalize-colors-0.86.0.tgz 0ms (cache hit)
npm http cache @react-native/codegen@https://registry.npmjs.org/@react-native/codegen/-/codegen-0.86.0.tgz 0ms (cache hit)
npm http cache @react-native-async-storage/async-storage@https://registry.npmjs.org/@react-native-async-storage/async-storage/-/async-storage-2.2.0.tgz 0ms (cache hit)
npm http fetch GET 200 https://registry.npmjs.org/babel-plugin-syntax-hermes-parser/-/babel-plugin-syntax-hermes-parser-0.36.1.tgz 2477ms (cache miss)
npm http fetch GET 200 https://registry.npmjs.org/react-refresh/-/react-refresh-0.18.0.tgz 2723ms (cache miss)
npm warn deprecated uuid@7.0.3: uuid@10 and below is no longer supported.  For ESM codebases, update to uuid@latest.  For CommonJS codebases, use uuid@11 (but be aware this version will likely be deprecated in 2028).

added 520 packages in 42s
npm verbose cwd D:\Intern\ReOpSy\app
npm verbose os Windows_NT 10.0.26200
npm verbose node v22.14.0
npm verbose npm  v10.9.2
npm verbose exit 0
npm info ok
